video,file,legible,fps,mst,r,t,s,b,dg,pr1,n,bw,bp,p,m,d,bps_em,bps_pr,bps_lp,bps_wp,slv_b,slv_pb,slv_pm,slv_ps,lim,spl,v1,vrm,gov,thk,tic,vd1,thp,spr,seg,note
1PLAYER-DEBUG1,00.png,False,,,,,,,,,,,,,,,,,,,,,,,,,,,,,,,,,,"title-screen (overlay all-zero, not in-game)"
1PLAYER-DEBUG1,01.png,False,,,,,,,,,,,,,,,,,,,,,,,,,,,,,,,,,,menu (choose skill level)
1PLAYER-DEBUG1,02.png,False,,,,,,,,,,,,,,,,,,,,,,,,,,,,,,,,,,menu (choose skill level)
1PLAYER-DEBUG1,03.png,True,0.1,10000,9973,0,0,0.0,13/2,0.0,1,6.3,148.9,95.0,0.9,34,43.7,6.8,136.8,148.9,10,8,11.0,8.1,LIM vp0.0 ds0 ss0 zf635k lg370k,,V1 c120 B0 f10/0/0 LP100% ec4 ws480 tx6,VRM tx6/26 bk0 q0 cb0/0 lb20:0/0/0.0,GOV d- w0 p0 e141 sb0 L0 i0 ws480,THK n196 mo0 ph0 sm0 mv0 pt0 w0 dc0,TIC th3 s0 x3.0 v429.0 sp1% sc0 ca4a,VD1 fb0/0 MP1 w0 6ms g0 Q17 E49/93,THp n0/0 d0 x0 m0 s0 l0 b0 r2 g0,SPR fl0.6 n13/2 th1/0 td0/0/0 fb1 o1,SEG c530 f365 k6 lk0,"first in-game frame, level just loaded (MST10000, 0.1fps); row0 ld197/ right-truncated by screen edge"
1PLAYER-DEBUG1,04.png,True,11.4,87,64,5,0,5.0,6/0,5.8,1,5.5,31.7,19.9,0.7,28,4.9,7.1,18.0,30.4,16,39,7.7,7.8,LIM vp21.0 ds34 ss6 zf631k lg228k,,V1 c98 B0 f10/0/0 LP100% ec32 ws480 tx6,VRM tx6/26 bk0 q0 cb0/0 lb20:0/0/0.0,GOV d- w0 p0 e-248 sb0 L0 i8 ws480,THK n151 mo2 ph0 sm1 mv0 pt0 w1 dc0,TIC th3 s0 x2.? v5.2 sp96% sc0 ca4a,VD1 fb0/0 MP1 w0 5ms g0 Q12 E31/96,THp n0/2 d0 x0 m0 s0 l0 b0 r12 g0,SPR fl0.5 n13/1 th2/0 td0/0/0 fb0 o1,SEG c530 f74 k1 lk0,row1 tail reads 'rs0.2  2' (stray trailing char at right edge); TIC x digit buried under HUD
1PLAYER-DEBUG1,05.png,True,8.0,125,94,7,0,4.3,8/0,6.0,1,3.5,25.1,16.3,0.7,13,4.2,10.0,48.5,65.1,10,40,9.2,6.5,LIM vp21.0 ds56 ss7 zf627k lg228k,,V1 c64 B104 f10/0/0 LP100% ec8 ws360 tx1,VRM tx10/26 bk0 q0 cb0/0 lb20:0/0/0.0,GOV d- w0 p0 e-16 sb0 L0 i8 ws360,THK n208 mo3 ph0 sm1 mv0 pt0 w1 dc0,TIC th5 s0 x4.0 v7.6 sp90% sc0 ca4a,VD1 fb0/0 MP1 w0 6ms g0 Q11 E44/92,THp n0/2 d0 x0 m0 s0 l0 b0 r35 g0,SPR fl0.5 n24/4 th1/0 td0/0/0 fb0 o0,SEG c725 f273 k4 lk0,row0 ld197/4 right-truncated
1PLAYER-DEBUG1,06.png,True,21.6,46,23,3,0,4.0,6/0,1.6,1,2.3,6.0,8.5,0.0,6,0.8,0.8,2.2,3.6,20,59,4.1,5.0,LIM vp11.0 ds7 ss2 zf627k lg228k,,V1 c20 B185 f10/0/0 LP100% ec32 ws480 tx,VRM tx10/26 bk0 q0 cb0/0 lb20:0/0/0.0,GOV d- w0 p0 e-344 sb0 L0 i8 ws480,THK n85 mo2 ph0 sm1 mv0 pt0 w0 dc0,TIC th2 s0 x1.? v2.7 sp106% sc0 ca4a,VD1 fb0/0 MP1 w0 3ms g0 Q2 E19/99,THp n0/2 d0 x0 m0 s0 l0 b0 r0 g0,SPR fl0.0 n8/0 th1/0 td0/0/0 fb0 o0,SEG c194 f0 k0 lk0,SLV row ends 'mw1 0' (extra token); V1 row cut at right edge (tx value off-screen); TIC x digit buried
1PLAYER-DEBUG1,07.png,True,18.7,53,32,3,0,3.5,3/0,2.2,1,1.1,16.1,7.2,0.1,6,0.8,1.5,23.2,25.5,14,36,,,LIM vp4.0 ds7 ss3 zf627k lg228k,,V1 c19 B32 f10/0/0 LP100% ec4 ws480 tx11,VRM tx11/26 bk1 q0 cb0/0 lb20:0/0/0.0,GOV d- w0 p0 e-712 sb0 L0 i8 ws480,THK n90 mo1 ph0 sm0 mv0 pt0 w0 dc0,TIC th2 s0 x1.? v3.2 sp94% sc0 ca4a,VD1 fb0/0 MP1 w0 16ms g0 Q5 E13/93,THp n0/2 d0 x0 m0 s0 l0 b0 r4 g0,SPR fl0.0 n2/0 th1/0 td0/0/0 fb0 o0,SEG c235 f85 k15 lk0,SLV Pm/Ps digits obscured by a bright sprite -> omitted; SLV row ends 'mw1 0'
1PLAYER-DEBUG1,08.png,True,7.7,129,82,8,0,3.4,26/0,10.5,1,8.6,25.7,37.8,1.3,,9.9,9.7,16.1,33.5,11,20,8.9,7.9,LIM vp28.0 ds52 ss7 zf626k lg228k,,V1 c174 B120 f10/0/0 LP100% ec4 ws200 tx,VRM tx18/26 bk1 q0 cb0/0 lb20:0/0/0.0,GOV d- w0 p0 e-430 sb0 L0 i8 ws200,THK n201 mo3 ph1 sm0 mv0 pt0 w1 dc0,TIC th6 s0 x3.8 v7.7 sp86% sc0 ca4a,VD1 fb0/0 MP1 w0 13ms g8 Q14 E24/54,THp n0/2 d0 x0 m0 s0 l0 b0 r12 g0,SPR fl0.3 n13/5 th2/0 td0/0/0 fb0 o0,SEG c937 f19 k0 lk0,row-2 d ambiguous (reads 43 or 48) -> omitted rather than guessed; V1 row cut at right edge
1PLAYER-DEBUG1,09.png,True,14.5,68,41,5,0,3.4,3/0,6.5,1,4.7,14.8,15.7,1.6,22,4.5,4.4,6.6,13.0,16,33,5.2,5.2,LIM vp16.0 ds37 ss5 zf6??k lg228k,,V1 c85 B79 f10/0/0 LP100% ec4 ws480 tx18,VRM tx18/26 bk0 q0 cb0/0 lb20:0/0/0.0,GOV d- w0 p0 e-23 sb0 L0 i24 ws480,THK n116 mo2 ph0 sm0 mv0 pt0 w0 dc0,TIC th3 s0 x2.8 v4.2 sp95% sc0 ca4a,VD1 fb0/1 MP1 w0 14ms g2 Q9 E22/82,THp n0/2 d0 x0 m0 s0 l0 b0 r151 g0,SPR fl1.6 n15/8 th3/0 td0/0/0 fb1 o0,SEG c461 f0 k0 lk0,LIM zf digits washed out by bright scenery
1PLAYER-DEBUG1,10.png,True,14.5,68,47,5,0,3.3,3/0,1.3,1,1.5,26.5,4.8,0.1,5,0.2,1.5,19.5,21.5,8,11,0.8,0.5,LIM vp3.0 ds3 ss2 zf627k lg228k,,V1 c8 B72 f10/0/0 LP100% ec19 ws480 tx18,VRM tx18/26 bk0 q0 cb0/0 lb20:0/0/0.0,GOV d- w0 p0 e-668 sb0 L0 i24 ws480,THK n112 mo2 ph0 sm0 mv0 pt0 w0 dc0,TIC th3 s0 x2.8 v4.1 sp100% sc0 ca4a,VD1 fb0/1 MP1 w0 8ms g1 Q0 E0/0,THp n0/4 d0 x0 m0 s0 l0 b0 r0 g0,SPR fl0.0 n6/0 th0/0 td0/0/0 fb0 o1,SEG c320 f70 k12 lk0,VD1 Q0 E0/0 while Bp26.5 / lp19.5 are high
1PLAYER-DEBUG1,11.png,True,15.5,64,45,4,0,3.2,2/0,3.4,1,3.2,12.0,14.9,0.4,13,2.3,2.7,7.3,12.0,22,67,3.1,10.0,LIM vp13.0 ds24 ss4 zf627k lg228k,,V1 c47 B47 f10/0/0 LP100% ec4 ws480 tx18,VRM tx18/26 bk0 q0 cb0/0 lb20:0/0/0.0,GOV d- w0 p0 e-205 sb0 L0 i24 ws480,THK n102 mo2 ph0 sm0 mv0 pt0 w0 dc0,TIC th2 s0 x2.1 v3.8 sp95% sc0 ca4a,VD1 fb0/1 MP1 w0 3ms g1 Q6 E28/98,THp n0/4 d0 x0 m0 s0 l0 b0 r24 g0,SPR fl0.0 n11/2 th0/0 td0/0/0 fb0 o1,SEG c218 f34 k0 lk0,SLV w6.8 mw6 -- only frame with a large slave wait
1PLAYER-DEBUG1,12.png,True,12.4,80,60,6,0,3.2,3/0,10.9,1,6.2,26.7,25.2,0.7,19,1.7,2.8,12.5,17.3,16,27,7.3,6.9,LIM vp9.0 ds14 ss2 zf627k lg228k,,V1 c43 B127 f10/0/0 LP100% ec33 ws480 tx,VRM tx18/26 bk0 q0 cb0/0 lb20:0/0/0.0,GOV d- w0 p0 e-878 sb0 L0 i24 ws480,THK n131 mo3 ph1 sm1 mv0 pt0 w0 dc0,TIC th4 s0 x2.8 v4.7 sp96% sc0 ca4a,VD1 fb0/1 MP1 w0 15ms g0 Q10 E45/93,THp n1/4 d0 x0 m0 s0 l0 b0 r60 g0,SPR fl0.1 n10/4 th3/0 td0/0/0 fb1 o1,SEG c433 f52 k2 lk0,SLV row ends 'mw0 0'; V1 row cut at right edge
1PLAYER-DEBUG1,13.png,True,7.9,126,96,11,0,3.2,6/0,11.6,1,7.2,50.6,31.0,0.6,33,4.4,6.2,33.5,44.3,11,29,8.9,9.1,LIM vp26.0 ds50 ss6 zf622k lg228k,,V1 c96 B168 f10/0/0 LP100% ec29 ws480 tx,VRM tx19/26 bk0 q0 cb0/0 lb20:0/0/0.0,GOV d- w0 p0 e-61 sb0 L0 i24 ws480,THK n200 mo4 ph1 sm1 mv1 pt0 w1 dc0,TIC th7 s0 x4.2 v7.5 sp97% sc1 ca4a,VD1 fb0/1 MP1 w0 3ms g0 Q16 E57/70,THp n1/4 d0 x0 m0 s0 l0 b0 r18 g0,SPR fl0.1 n23/3 th2/0 td0/0/0 fb2 o0,SEG c703 f190 k1 lk0,muzzle flash overlaps row0 but fps reads 7.9; V1 row cut at right edge
1PLAYER-DEBUG1,14.png,True,8.4,119,92,11,0,3.2,3/0,13.9,1,5.8,45.0,22.0,0.9,29,4.8,6.7,37.5,48.6,11,31,6.3,6.9,LIM vp18.0 ds30 ss4 zf622k lg228k,,V1 c88 B200 f10/0/0 LP100% ec32 ws480 tx,VRM tx19/26 bk0 q0 cb0/0 lb20:0/0/0.0,GOV d- w0 p0 e-102 sb0 L0 i24 ws480,THK n188 mo4 ph1 sm1 mv1 pt0 w1 dc0,TIC th7 s0 x3.8 v7.1 sp92% sc1 ca4a,VD1 fb0/1 MP1 w0 12ms g0 Q13 E41/61,THp n1/4 d0 x0 m0 s0 l0 b0 r29 g0,SPR fl0.4 n24/5 th3/0 td0/0/0 fb2 o0,SEG c756 f205 k2 lk0,V1 row cut at right edge
1PLAYER-DEBUG1,15.png,True,12.8,78,56,7,0,3.2,3/0,11.6,1,4.3,20.9,23.2,1.7,17,2.5,3.3,14.6,20.4,15,24,4.4,5.5,LIM vp12.0 ds18 ss4 zf623k lg228k,,V1 c55 B221 f10/0/0 LP100% ec32 ws480 tx,VRM tx19/26 bk0 q0 cb0/0 lb20:0/0/0.0,GOV d- w0 p0 e-655 sb0 L0 i24 ws480,THK n128 mo4 ph2 sm0 mv1 pt0 w0 dc0,TIC th4 s0 x2.8 v4.7 sp96% sc0 ca4a,VD1 fb0/1 MP1 w0 4ms g0 Q10 E24/60,THp n1/4 d0 x0 m0 s0 l0 b0 r93 g0,SPR fl0.3 n21/8 th1/0 td0/0/0 fb0 o0,SEG c446 f67 k0 lk0,V1 row cut at right edge
1PLAYER-DEBUG1,16.png,True,13.5,74,52,4,0,3.2,3/0,4.4,1,3.7,22.2,9.9,1.4,15,2.5,2.7,14.3,19.1,11,26,4.2,2.6,LIM vp15.0 ds23 ss3 zf623k lg228k,,V1 c52 B234 f10/0/0 LP100% ec32 ws480 tx,VRM tx19/26 bk0 q0 cb0/0 lb20:0/0/0.0,GOV d- w0 p0 e-668 sb0 L0 i24 ws480,THK n112 mo2 ph0 sm0 mv0 pt0 w0 dc0,TIC th2 s0 x2.8 v4.4 sp100% sc0 ca4a,VD1 fb0/1 MP1 w0 16ms g0 Q7 E24/88,THp n1/4 d0 x0 m0 s0 l0 b0 r76 g0,SPR fl0.5 n13/5 th1/0 td0/0/0 fb0 o1,SEG c388 f69 k1 lk0,V1 row cut at right edge
1PLAYER-DEBUG2,00.png,True,15.0,66,39,4,0,3.2,9/0,4.7,1,1.4,27.7,5.4,15.6,8,1.5,2.2,25.1,28.9,8,6,2.0,0.3,LIM vp11.0 ds18 ss3 zf623k lg228k,,V1 c31 B32 fl0/0/0 LP100% ec12 ws480 tx1,VRM tx19/26 bk0 q0 cb0/0 lb20:0/0/0.0,GOV d- w0 p0 e-572 sb0 L0 i24 ws480,THK n99 mo2 ph0 sm0 mv0 pt0 w0 dc0,TIC th2 s0 x2.2 v4.0 sp95% sc0 ca4a,VD1 fb0/1 MP1 w0 15ms g0 Q4 E9/93,THp n1/4 d0 x0 m0 s0 l0 b0 r36 g0,SPR fl0.1 n4/1 th1/0 td0/0/0 fb1 o0,SEG c196 f95 k18 lk0,"row2 M0.3. row0 to0:0000 cd0 ld200/4. row3 REC 50:40.0 95:84.0 mx192.1 d0. row6 MX m1 1519,-2494 a2 t16s. row17 tx clipped at right edge (reads 'tx1', likely a truncated tx19)."
1PLAYER-DEBUG2,01.png,True,8.9,112,77,7,0,3.1,14/0,1.7,1,4.9,40.6,12.5,13.2,21,1.2,3.5,34.1,40.6,15,45,6.9,6.0,LIM vp13.0 ds29 ss2 zf622k lg228k,,V1 c22 B64 fl0/0/0 LP100% ec6 ws480 tx19,VRM tx19/26 bk0 q0 cb0/0 lb20:0/0/0.0,GOV d- w0 p0 e-703 sb0 L0 i24 ws480,THK n165 mo3 ph1 sm0 mv0 pt0 w1 dc0,TIC th5 s0 x3.6 v6.7 sp92% sc1 ca4a,VD1 fb0/1 MP1 w0 10ms g0 Q9 E29/95,THp n1/4 d0 x0 m0 s0 l0 b0 r9 g0,SPR fl0.0 n5/1 th0/0 td0/0/0 fb0 o0,SEG c855 f145 k10 lk0,row2 M0.3. row1 rs0.0. row0 to0:0000 cd0 ld200/4. row3 REC 50:40.0 95:82.0 mx192.1 d0.
1PLAYER-DEBUG2,02.png,True,14.5,68,43,3,0,3.1,9/0,3.8,1,3.6,45.5,10.9,13.0,20,1.5,2.6,12.3,16.5,10,13,3.1,1.4,LIM vp8.0 ds13 ss3 zf618k lg228k,,V1 c30 B48 fl0/0/0 LP100% ec4 ws480 tx19,VRM tx19/26 bk0 q0 cb0/0 lb20:0/0/0.0,GOV d- w0 p0 e-549 sb0 L0 i24 ws480,THK n102 mo2 ph0 sm0 mv0 pt0 w0 dc0,TIC th2 s0 x2.2 v4.1 sp95% sc0 ca4a,VD1 fb0/1 MP1 w0 10ms g0 Q5 E34/99,THp n1/4 d0 x0 m0 s0 l0 b0 r24 g0,SPR fl0.0 n3/0 th1/0 td0/0/0 fb0 o1,SEG c303 f40 k5 lk0,row2 M0.0. row1 rs0.6. row0 to0:0000 cd0 ld200/4.
1PLAYER-DEBUG2,03.png,True,,,34,4,0,3.2,6/0,5.4,1,5.0,33.4,13.7,,34,4.1,3.6,6.5,12.3,13,16,3.8,2.2,LIM vp9.0 ds23 ss4 zf614k lg224k,,V1 c81 B135 fl0/0/0 LP100% ec15 ws480 tx,VRM tx19/26 bk0 q0 cb0/0 lb20:0/0/0.0,GOV d- w0 p0 e-411 sb0 L0 i24 ws480,THK n92 mo1 ph0 sm0 mv0 pt0 w0 dc0,TIC th2 s0 x2.0 v3.6 sp100% sc0 ca4a,VD1 fb0/1 MP1 w0 5ms g0 Q2 E11/99,THp n1/4 d0 x0 m0 s0 l0 b0 r17 g0,SPR fl0.3 n2/1 th0/0 td0/0/0 fb0 o0,SEG c332 f17 k0 lk0,row0 fps / a / MST / to / cd NOT transcribed: the top row is smeared by the scene and the frame edge; only ld200/4 is legible. row2 M0.7 read with low confidence. row17 tx value clipped at right edge.
1PLAYER-DEBUG2,04.png,True,17.0,58,34,3,0,3.3,6/0,4.8,1,4.8,,6.4,13.9,23,4.8,3.2,12.4,20.9,11,18,0.3,1.1,LIM vp14.0 ds38 ss7 zf614k lg224k,,V1 c97 B87 fl0/0/0 LP100% ec4 ws480 tx19,VRM tx19/26 bk0 q0 cb0/0 lb20:0/0/0.0,GOV d- w0 p0 e-857 sb0 L0 i24 ws480,THK n87 mo1 ph0 sm0 mv0 pt0 w0 dc0,TIC th1 s0 x1.8 v3.5 sp95% sc0 ca4a,VD1 fb0/1 MP1 w0 9ms g0 Q4 E17/99,THp n1/4 d0 x0 m0 s0 l0 b0 r? g0,SPR fl0.0 n19/0 th0/0 td0/0/0 fb0 o0,SEG c358 f53 k0 lk0,"row2 Bp NOT transcribed: the digit pair sits on a bright scene edge and reads ambiguously as 19.1 or 10.1, left absent rather than guessed (row-4 wp20.9 would favour 19.1). row2 M1.1. row1 rs1.2. row9 'r' digit unreadable. row5 w0.7 mw0."
1PLAYER-DEBUG2,05.png,True,15.0,66,47,4,0,3.4,3/0,1.5,1,2.9,40.9,14.1,13.5,22,3.4,6.4,30.0,40.1,22,63,8.7,8.9,LIM vp8.0 ds22 ss4 zf614k lg224k,,V1 c55 B64 fl0/0/0 LP100% ec4 ws480 tx19,VRM tx19/26 bk0 q0 cb0/0 lb20:0/0/0.0,GOV d- w0 p0 e-248 sb0 L0 i24 ws480,THK n95 mo2 ph0 sm0 mv0 pt0 w0 dc0,TIC th2 s0 x2.1 v4.0 sp91% sc0 ca4a,VD1 fb0/1 MP1 w0 5ms g0 Q6 E24/92,THp n1/4 d0 x0 m0 s0 l0 b0 r0 g0,SPR fl0.0 n2/0 th0/0 td0/0/0 fb0 o0,SEG c534 f120 k14 lk0,row2 M0.0. row1 rs0.6. row3 REC 50:38.0 95:80.0 mx192.1 d0. row5 w0.2 mw0.
1PLAYER-DEBUG2,06.png,True,12.4,80,52,6,0,3.3,11/0,0.4,1,0.5,40.9,1.3,11.6,1,0.3,0.1,40.6,40.9,7,0,0.3,0.0,LIM vp5.0 ds14 ss2 zf614k lg224k,,V1 c5 B80 fl0/0/0 LP100% ec28 ws480 tx19,VRM tx19/26 bk0 q0 cb0/0 lb20:0/0/0.0,GOV d- w0 p0 e-811 sb0 L0 i24 ws480,THK n124 mo3 ph2 sm0 mv1 pt0 w0 dc0,TIC th4 s0 x2.7 v4.8 sp100% sc0 ca4a,VD1 fb0/1 MP1 w0 3ms g0 Q0 E0/0,THp n1/4 d0 x0 m0 s0 l0 b0 r0 g0,SPR fl0.0 n1/0 th0/0 td0/0/0 fb0 o0,SEG c160 f160 k30 lk0,"row2 M0.0, d1. row1 rs0.1. VD1 reads Q0 E0/0 while row2 still shows Bp40.9 -- see anomalies."
1PLAYER-DEBUG2,07.png,True,8.4,119,96,6,0,3.3,3/0,8.5,1,6.9,54.4,21.5,13.1,38,4.1,7.1,41.7,54.4,29,37,8.2,8.1,LIM vp15.0 ds38 ss6 zf614k lg224k,,V1 c68 B80 fl0/0/0 LP100% ec4 ws480 tx20,VRM tx20/26 bk2 q0 cb0/0 lb20:0/0/0.0,GOV d- w0 p0 e-338 sb0 L0 i24 ws480,THK n165 mo2 ph0 sm1 mv0 pt0 w1 dc0,TIC th4 s0 x3.6 v7.0 sp90% sc1 ca4a,VD1 fb0/1 MP1 w0 5ms g0 Q14 E25/64,THp n1/4 d0 x0 m0 s0 l0 b0 r59 g15,SPR fl1.6 n23/13 th2/0 td0/0/0 fb2 o2,SEG c837 f198 k8 lk0,"row2 M8.4, the highest M of the run. row16 GCS w10.9/198 m1.0/33 P150/0.4. row12 CD partly washed out but reads t27s px0 ob0 gy0 st0."
1PLAYER-DEBUG2,08.png,True,9.8,102,77,8,0,3.3,3/0,15.0,1,5.1,18.9,23.8,10.4,33,3.8,6.0,7.5,18.9,10,25,3.0,6.1,LIM vp21.0 ds36 ss6 zf614k lg224k,,V1 c70 B154 fl0/0/0 LP100% ec32 ws480 tx,VRM tx20/26 bk0 q0 cb0/0 lb20:0/0/0.0,GOV d- w0 p0 e-573 sb0 L0 i24 ws480,THK n156 mo3 ph1 sm0 mv1 pt0 w1 dc0,TIC th4 s0 x3.4 v6.0 sp100% sc0 ca4a,VD1 fb0/1 MP1 w0 12ms g0 Q11 E21/90,THp n1/4 d0 x0 m0 s0 l0 b0 r69 g18,SPR fl1.9 n21/7 th?/? td0/0/0 fb2 o1,SEG c524 f0 k0 lk0,"row2 M15.5, row5 w3.1 mw3. Muzzle flash burns the middle of rows 13 and 15: LOS N last field and SPR th x/y not readable. row16 GCS w0.0/0 m2.0/72 P150/0.0. row17 tx clipped at right edge."
1PLAYER-DEBUG2,09.png,True,,56,38,4,0,3.3,4/0,5.0,1,,53.1,3.1,12.3,16,2.3,3.6,4.6,10.8,12,21,0.4,0.6,LIM vp12.0 ds35 ss6 zf614k lg180k,,V1 c41 B191 fl0/0/0 LP100% ec32 ws480 tx,VRM tx21/26 bk1 q0 cb0/0 lb20:0/0/0.0,GOV d- w0 p0 e-258 sb0 L0 i24 ws480,THK n85 mo1 ph0 sm0 mv0 pt0 w0 dc0,TIC th2 s0 x1.8 v3.3 sp100% sc0 ca4a,,THp n1/5 d0 x0 m0 s0 l0 b0 r7 g2,SPR fl0.0 n16/0 th2/0 td0/0/0 fb0 o0,SEG c297 f1 k0 lk0,"Large yellow fireball over the right half. NOT transcribed: row0 fps (leading glyphs destroyed; the rest reads a12.3 MST56 to0:0000 cd0 ld200/4), row2 Bw (reads 2.3 or 2.5 over the flame), and the VD1 Q/E fields (burned out; 'VD1 fb0/1 MP1 w0 10ms g0' is legible). row2 M0.4. row1 rs0.7. row5 w0.2 mw0."
1PLAYER-DEBUG2,10.png,True,24.0,41,22,2,0,3.3,2/0,1.7,1,0.6,40.3,1.3,17.5,3,1.5,1.5,1.9,4.5,12,0,0.3,0.0,LIM vp3.0 ds8 ss3 zf614k lg178k,,V1 c23 B32 fl0/0/0 LP100% ec4 ws480 tx22,VRM tx22/26 bk0 q0 cb0/0 lb20:0/0/0.0,GOV d- w0 p0 e-585 sb0 L0 i24 ws480,THK n62 mo0 ph0 sm0 mv0 pt0 w0 dc0,TIC th1 s0 x1.4 v2.5 sp100% sc0 ca4a,,THp n1/5 d0 x0 m0 s0 l0 b0 r0 g0,SPR fl0.0 n6/0 th2/0 td0/0/0 fb0 o0,SEG c160 f0 k0 lk0,"Fastest frame of the run (24.0 fps, MST41). VD1 row partly covered by a red/green in-scene sprite: it reads 'VD1 fb0/1 MP1 w0 11ms' then g/Q obscured, tail '1 E1/86' -- vd1 verbatim omitted for that reason. row2 M0.0. row1 rs1.6. row3 REC 50:38.0 95:78.0 mx192.1 d0. row5 w0.4 mw0."
1PLAYER-DEBUG2,11.png,False,,,,,,,,,,,,,,,,,,,,,,,,,,,,,,,,,,intermission (NUCLEAR PLANT tally); overlay is drawn but rows 1-2 sit under the level-name graphic. Readable anyway: row0 12.2fps a12.9 MST81 to0:0000 cd0 ld202/4; VD1 fb0/1 MP1 w0 21ms g3 Q0 E0/0; LIM vp0.0 ds0 ss0 zf558k lg173k; SEG c160 f160 k30 lk0; V1 c2 B32 fl0/0/0 LP100% ec14 ws480 tx22; THK all zero; TIC th0 s0 x0.0 v4.9 sp0% sc0 ca4a a.
1PLAYER-DEBUG2,12.png,False,,,,,,,,,,,,,,,,,,,,,,,,,,,,,,,,,,"intermission -- identical to 11.png (same tally screen, same overlay values including MST81, ld202/4, zf558k, e-350)."
1PLAYER-DEBUG2,13.png,True,5.9,169,0,914,0,3.2,2/0,25.3,1,10.3,29.5,21.7,8.9,49,6.0,9.7,11.5,28.6,6,20,9.0,4.4,LIM vp35.0 ds49 ss5 zf500k lg165k,,V1 c88 B40 fl0/0/0 LP100% ec4 ws320 tx24,VRM tx24/26 bk7 q0 cb0/0 lb20:0/0/0.0,GOV d- w0 p0 e-355 sb0 L0 i0 ws320,THK n448 mo9 ph0 sm6 mv0 pt1 w3 dc0,TIC th12 s3 x4.0 v10.1 sp68% sc0 ca4a,VD1 fb0/1 MP1 w0 5ms g0 Q19 E25/88,THp n1/5 d0 x0 m0 s0 l0 b0 r24 g26,SPR fl1.4 n36/11 th2/0 td0/0/0 fb0 o2,SEG c709 f13 k0 lk0,"First frame of the NEW map: row6 MX m2 -32,-240 a64 t0s (map timer 0 s, post-load). row0 ld206/46 -- the only frame whose ld second term is not 4. row3 REC 50:66.0 95:68.0 mx80.1 d0 (REC window reset). ws320 on both V1 and GOV, where every earlier frame reads ws480; row21 i0 (was i24 throughout). row2 M3.0. row12 CD t28s."
2PLAYER-DEBUG1,00.png,False,,,,,,,,,,,,,,,,,,,,,,,,,,,,,,,,,,"menu (""Which Episode?"") - overlay present but all counters at 0/idle"
2PLAYER-DEBUG1,01.png,False,,,,,,,,,,,,,,,,,,,,,,,,,,,,,,,,,,"menu (""Choose Skill Level"") - overlay all zeros"
2PLAYER-DEBUG1,02.png,False,,,,,,,,,,,,,,,,,,,,,,,,,,,,,,,,,,"menu (""Choose Skill Level"") - identical to 01, overlay all zeros"
2PLAYER-DEBUG1,03.png,True,0.5,2000,0,6195,0,5.6,1304/1,57.5,2,11.9,34.6,15.2,1.2,61,10.0,13.0,11.5,34.2,0,58,7.1,8.9,LIM vp20.0 ds31 ss7 zf620k lg159k,SPL 37 32 0 0 k15 =69 tc1 bal0 h106.3 po,,VRM tx6/26 bk6 q0 cb0/0 lb20:0/0/0.0,GOV d- w0 p0 e97 sb0 L0 i0 ws440,THK n265 mo2 ph0 sm0 mv0 pt1 w1 dc0,TIC th6 s2 x5.0 v111.0 sp7% sc0 ca4a,VD1 fb0/0 MP1 w0 4ms g0 Q7 E37/96,THp n0/0 d0 x0 m0 s0 l0 b0 r4 g0,SPR fl0.1 n16/2 th3/0 td0/0/0 fb1 o1,SEG c257 f0 k0 lk0,"first in-game frame right after level load: T6195 ms tic, dg1304 pre-drawsegs, MST2000, 0.5 fps, SPL h106.3. SPL p-field digits run off the right screen edge (only 'po' visible). ws440 and i0/e97 here vs ws480/i16/negative e on all later frames."
2PLAYER-DEBUG1,04.png,True,9.0,111,64,7,0,3.3,14/1,10.8,2,9.9,25.9,18.4,1.0,46,8.6,9.6,7.7,23.4,8,48,8.4,8.8,LIM vp20.0 ds30 ss7 zf616k lg159k,SPL 20 36 0 0 k9 =56 tc1 bal0 h0.0 po14,,VRM tx6/26 bk0 q0 cb0/0 lb20:0/0/0.0,GOV d- w0 p0 e-227 sb0 L0 i16 ws480,THK n208 mo4 ph0 sm1 mv0 pt0 w1 dc0,TIC th4 s0 x3.8 v6.7 sp97% sc0 ca4a,VD1 fb0/0 MP1 w0 19ms g9 Q7 E37/96,THp n0/5 d0 x0 m0 s0 l0 b0 r33 g0,SPR fl0.0 n16/1 th4/0 td0/0/0 fb3 o1,SEG c257 f0 k0 lk0,
2PLAYER-DEBUG1,05.png,True,6.6,151,94,7,0,6.2,22/1,12.0,2,8.4,27.1,17.3,0.5,44,13.6,12.0,16.6,37.1,2,50,4.1,4.3,LIM vp20.0 ds37 ss7 zf616k lg159k,SPL 36 37 0 0 k14 =73 tc1 bal0 h0.0 py17,,VRM tx8/26 bk0 q0 cb0/0 lb20:0/0/0.0,GOV d- w0 p0 e-569 sb0 L0 i16 ws480,THK n265 mo4 ph0 sm2 mv0 pt1 w1 dc0,TIC th5 s1 x5.0 v9.1 sp94% sc0 ca4a,VD1 fb0/0 MP1 w0 4ms g0 Q7 E37/96,THp n0/5 d0 x0 m0 s0 l0 b0 r32 g0,SPR fl0.0 n16/1 th4/0 td0/0/0 fb1 o1,SEG c257 f0 k0 lk0,row-2 terms sum 53.3 ms vs SPL =73 (19.7 under); wp37.1 is 10 ms above Bp27.1
2PLAYER-DEBUG1,06.png,True,9.7,103,64,7,0,6.1,13/2,7.7,2,7.2,24.3,12.3,0.4,35,7.2,7.8,10.2,23.4,5,42,8.5,5.2,LIM vp20.0 ds30 ss7 zf616k lg159k,SPL 15 35 0 0 k8 =50 tc1 bal0 h0.0 py9,,VRM tx11/26 bk0 q0 cb0/0 lb20:0/0/0.0,GOV d- w0 p0 e-90 sb0 L0 i16 ws480,THK n180 mo3 ph0 sm1 mv0 pt0 w1 dc0,TIC th4 s1 x3.4 v6.2 sp94% sc0 ca4a,VD1 fb0/0 MP1 w0 25ms g8 Q7 E37/96,THp n0/6 d0 x0 m0 s0 l1 b0 r11 g0,SPR fl0.0 n16/1 th3/0 td0/1/0 fb1 o1,SEG c257 f0 k0 lk0,
2PLAYER-DEBUG1,07.png,True,11.0,90,57,,0,5.0,3/1,7.6,2,6.3,19.5,13.7,0.5,33,5.9,7.4,6.3,18.7,8,56,8.4,7.7,LIM vp20.0 ds30 ss7 zf616k lg159k,SPL 11 33 0 0 k6 =44 tc1 bal0 h0.0 po3,,VRM tx11/26 bk0 q0 cb0/0 lb20:0/0/0.0,GOV d- w0 p0 e-873 sb0 L0 i16 ws480,THK n159 mo3 ph0 sm1 mv0 pt0 w1 dc0,TIC th4 s0 x3.0 v5.5 sp93% sc0 ca4a,VD1 fb0/0 MP1 w0 13ms g6 Q7 E37/96,THp n0/6 d0 x0 m0 s0 l0 b0 r22 g0,SPR fl0.0 n16/2 th3/0 td0/0/0 fb0 o1,SEG c257 f0 k0 lk0,row-1 T value sits under a white muzzle-flash and is unreadable -> field omitted
2PLAYER-DEBUG1,08.png,True,6.3,158,108,12,0,4.6,17/2,36.8,2,12.7,33.3,22.8,1.5,68,11.1,15.2,12.8,38.9,3,48,2.5,5.0,LIM vp29.0 ds49 ss7 zf616k lg159k,SPL 57 32 0 0 k23 =89 tc1 bal0 h0.0 pu12,,VRM tx17/26 bk6 q0 cb0/0 lb20:0/0/0.0,GOV d- w0 p0 e-166 sb0 L0 i16 ws480,THK n242 mo4 ph1 sm1 mv0 pt0 w1 dc0,TIC th9 s2 x4.5 v9.5 sp81% sc0 ca4a,VD1 fb0/0 MP1 w0 24ms g11 Q7 E37/96,THp n2/5 d0 x0 m0 s? l0 b0 r8 g0,SPR fl0.0 n15/1 th4/0 td0/0/0 fb2 o1,SEG c257 f0 k0 lk0,THp `s` digit hidden behind a white sprite block (marked s?); SLV row tail (w/mw) is over a bright sprite and only the b/Pb/Pm/Ps values were read with confidence
2PLAYER-DEBUG1,09.png,True,10.0,100,68,7,0,4.3,4/1,9.4,2,8.3,24.3,11.9,0.5,41,8.2,9.6,9.1,25.2,0,19,1.7,0.6,LIM vp20.0 ds30 ss7 zf616k lg159k,SPL 19 32 0 0 k9 =51 tc1 bal0 h0.0 po4,,VRM tx17/26 bk0 q0 cb0/0 lb20:0/0/0.0,GOV d- w0 p0 e-551 sb0 L0 i16 ws480,THK n175 mo3 ph1 sm0 mv1 pt0 w1 dc0,TIC th5 s1 x3.4 v6.0 sp100% sc0 ca4a,VD1 fb0/1 MP1 w0 22ms g10 Q7 E37/96,THp n2/5 d0 x0 m0 s0 l0 b0 r18 g0,SPR fl0.4 n15/1 th2/0 td0/0/0 fb0 o1,SEG c257 f0 k0 lk0,TIC v decimal point is covered by the yellow HUD ammo number; digits read 6 and 0 -> v6.0
2PLAYER-DEBUG1,10.png,True,8.2,121,80,6,0,3.9,14/1,7.4,2,12.3,33.4,21.8,0.6,56,10.4,9.8,10.9,27.8,6,33,10.6,7.1,LIM vp20.0 ds30 ss7 zf616k lg159k,SPL 34 32 0 0 k11 =66 tc1 bal0 h0.0 pu9,,VRM tx18/26 bk0 q0 cb0/0 lb20:0/0/0.0,GOV d- w0 p0 e-242 sb0 L0 i16 ws480,THK n192 mo4 ph0 sm1 mv0 pt0 w1 dc0,TIC th5 s1 x3.7 v7.2 sp90% sc0 ca4a,VD1 fb0/1 MP1 w0 17ms g8 Q7 E37/96,THp n2/5 d0 x0 m0 s0 l0 b0 r24 g0,SPR fl0.0 n15/1 th4/0 td0/0/0 fb2 o1,SEG c257 f0 k0 lk0,"row-0 line is drawn in red on this frame (and on 11/12) instead of white; TIC v decimal covered by HUD, digits 7 and 2 -> v7.2; row-2 terms sum 68.1 vs SPL =66"
2PLAYER-DEBUG1,11.png,True,7.9,126,87,11,0,3.8,6/1,12.8,2,10.3,27.9,21.9,1.1,55,9.4,11.6,8.0,27.9,9,51,12.7,11.2,LIM vp20.0 ds30 ss7 zf612k lg159k,SPL 32 33 0 0 k12 =65 tc1 bal0 h1.3 po6,,VRM tx18/26 bk0 q0 cb0/0 lb20:0/0/0.0,GOV d- w0 p0 e-513 sb0 L0 i16 ws480,THK n210 mo4 ph0 sm2 mv0 pt0 w1 dc0,TIC th7 s1 x4.1 v7.7 sp93% sc0 ca4a,VD1 fb0/1 MP1 w0 23ms g7 Q7 E37/96,THp n2/5 d0 x0 m0 s0 l0 b0 r29 g0,SPR fl0.0 n15/1 th4/0 td0/0/0 fb3 o1,SEG c257 f0 k0 lk0,
2PLAYER-DEBUG1,12.png,True,7.9,126,91,9,0,3.7,4/1,9.7,2,13.3,63.4,20.3,0.7,60,9.9,12.5,17.7,39.9,8,50,8.9,10.3,LIM vp29.0 ds33 ss7 zf612k lg159k,SPL 47 33 0 0 k12 =80 tc1 bal0 h0.0 po4,,VRM tx18/26 bk0 q0 cb0/0 lb20:0/0/0.0,GOV d- w0 p0 e-713 sb0 L0 i16 ws480,THK n202 mo7 ph0 sm5 mv2 pt0 w1 dc0,TIC th7 s1 x4.1 v7.7 sp93% sc0 ca4a,VD1 fb0/1 MP1 w0 16ms g7 Q7 E37/96,THp n2/5 d0 x0 m0 s0 l0 b0 r46 g0,SPR fl0.0 n15/1 th3/0 td0/0/0 fb2 o1,SEG c257 f0 k0 lk0,Bp63.4 re-checked at 6x zoom on the raw pixels: the glyph is unambiguously 6 (not 3). It is inconsistent with wp39.9 and makes the row-2 terms sum 97.7 ms against SPL =80 and against MST126
2PLAYER-DEBUG1,13.png,True,8.0,125,93,10,0,3.8,6/1,12.4,2,10.3,29.4,19.8,1.1,47,8.0,10.3,15.2,32.6,3,44,2.0,4.0,LIM vp20.0 ds30 ss7 zf612k lg159k,SPL 36 33 0 0 k12 =69 tc1 bal0 h1.4 po6,,VRM tx18/26 bk0 q0 cb0/0 lb20:0/0/0.0,GOV d- w0 p0 e-790 sb0 L0 i16 ws480,THK n202 mo4 ph1 sm1 mv1 pt0 w1 dc0,TIC th5 s0 x4.1 v7.5 sp95% sc0 ca4a,VD1 fb0/1 MP1 w0 13ms g5 Q7 E37/96,THp n2/5 d0 x0 m0 s0 l0 b0 r37 g0,SPR fl0.0 n15/1 th5/0 td0/0/0 fb2 o1,SEG c257 f0 k0 lk0,
2PLAYER-DEBUG2,00.png,True,8.9,112,79,5,0,3.7,5/1,10.6,2,9.6,28.8,17.5,1.0,48,8.5,9.8,12.2,29.0,8,49,10.8,8.7,LIM vp20.0 ds30 ss7 zf612k lg159k,SPL 29.3 21.0 0 0 k9 =61 tc1 bal0 h0.5 po5,,VRM tx18/26 bk0 q0 cb0/0 lb20:0/0/0.0,GOV d- w0 p0 e-507 sb0 L0 i16 ws480,THK n173 mo2 ph0 sm0 mv0 pt0 w1 dc0,TIC th2 s0 x?.? v?.? sp92% sc0 ca?a,VD1 fb0/1 MP1 w0 12ms g8 Q7 E37/96,THp n3/5 d0 x0 m0 s0 l1 b0 r46 g0,SPR fl0.0 n15/1 th4/0 td0/1/0 fb0 o1,SEG c257 f0 k0 lk0,row 0 partly clean; TIC x/v digits buried under HUD numbers. SPL second view time reads '21.0' but v0+v1 then falls ~10 ms short of the '=61' sum (see anomalies).
2PLAYER-DEBUG2,01.png,True,6.8,147,90,8,0,3.6,30/2,8.1,2,9.3,37.0,15.0,0.7,48,6.7,10.1,20.0,37.1,7,54,10.0,8.1,LIM vp20.0 ds30 ss7 zf608k lg126k,SPL 34.3 33.0 0 0 k7 =67 tc1 bal0 h0.0 pg25,,VRM tx18/26 bk0 q0 cb0/0 lb20:0/0/0.0,GOV d- w0 p0 e-66 sb0 L0 i16 ws480,THK n208 mo4 ph2 sm1 mv1 pt0 w1 dc0,TIC th6 s0 x4.4 v8 sp86% sc1 ca?a,VD1 fb0/1 MP1 w0 21ms g8 Q7 E37/96,THp n3/5 d0 x0 m0 s0 l0 b0 r16 g0,SPR fl0.0 n16/1 th2/0 td0/0/0 fb0 o1,SEG c257 f0 k0 lk0,row 0 fps digit sits under the red HUD text but reads 6.8; TIC v value only partly legible.
2PLAYER-DEBUG2,02.png,True,8.4,119,74,5,0,3.6,21/1,7.7,2,10.2,47.3,14.0,0.3,56,7.8,10.0,15.4,32.9,6,56,7.3,7.8,LIM vp20.0 ds30 ss7 zf608k lg126k,SPL 30.3 33.0 0 0 k9 =63 tc1 bal0 h6.4 py12,,VRM tx18/26 bk0 q0 cb0/0 lb20:0/0/0.0,GOV d- w0 p0 e-491 sb0 L0 i16 ws480,THK n177 mo3 ph1 sm0 mv0 pt0 w0 dc0,TIC th3 s0 x?.? v?.? sp90% sc0,VD1 fb0/1 MP1 w0 10ms g8 Q7 E37/96,THp n3/5 d1 x0 m0 s0 l3 b0 r12 g0,SPR fl0.0 n15/1 th3/0 td0/3/0 fb1 o1,SEG c257 f0 k0 lk0,Bp reads 47.3 — the leading digit is the least crisp glyph on the row; it is the only frame where row 2 sums OVER the SPL total and where wp is far from Bp.
2PLAYER-DEBUG2,03.png,True,7.5,,72,6,0,4.3,32/1,10.6,2,8.3,24.7,10.8,0.6,45,10.1,9.4,7.6,24.4,0,0,0.6,0.0,LIM vp20.0 ds30 ss7 zf604k lg122k,SPL 18.3 21.0 0 0 k11 =50 tc1 bal0 h0.0 py17,,VRM tx18/26 bk0 q0 cb0/0 lb20:0/0/0.0,GOV d- w0 p0 e-802 sb0 L0 i16 ws480,THK n199 mo3 ph1 sm0 mv0 pt0 w1 dc0,TIC th4 s0 x?.? v?.? sp91% sc0,VD1 fb0/1 MP1 w0 4ms g0 Q7 E37/96,THp n3/5 d1 x0 m0 s0 l0 b0 r27 g0,SPR fl0.0 n16/1 th3/0 td0/0/0 fb1 o1,SEG c257 f0 k0 lk0,"row 0 heavily washed by the red overlay: MST digits not readable, left absent (a-field also unreadable). P value straddles the split boundary; read 10.8. Slave fully idle this frame (b0%/Pb0%)."
2PLAYER-DEBUG2,04.png,True,8.6,116,61,5,0,5.0,22/1,8.7,2,6.5,18.7,12.9,0.5,29,9.1,7.6,7.6,20.5,5,52,6.9,6.8,LIM vp12.0 ds19 ss4 zf587k lg117k,SPL 16.2 9.0 0 0 k10 =45 tc1 bal0 h0.0 py17,,VRM tx18/26 bk0 q0 cb0/0 lb20:0/0/0.0,GOV d- w0 p0 e-538 sb0 L0 i16 ws480,THK n182 mo3 ph0 sm0 mv0 pt0 w1 dc0,TIC th3 s0 x?.? v?.? sp95% sc0,VD1 fb0/1 MP1 w0 4ms g0 Q13 E24/71,THp n3/5 d1 x0 m0 s0 l0 b0 r31 g0,SPR fl0.3 n17/1 th2/0 td0/0/0 fb0 o0,SEG c236 f0 k0 lk0,SPL second view time transcribed as 9.0 but a leading digit may be lost against the split seam (16.2+9.0 is 20 ms short of =45).
2PLAYER-DEBUG2,05.png,True,9.2,108,55,5,0,5.7,21/1,5.1,2,11.1,45.0,4.6,0.3,55,4.6,9.3,27.5,45.0,0,0,0.6,0.0,LIM vp19.0 ds40 ss5 zf586k lg117k,SPL 16.4 9.0 0 0 k5 =65 tc1 bal0 h0.0 py17,,VRM tx18/26 bk0 q0 cb0/0 lb20:0/0/0.0,GOV d- w0 p0 e-685 sb0 L0 i16 ws480,THK n159 mo3 ph1 sm0 mv0 pt0 w0 dc0,TIC th3 s0 x?.? v?.? sp91% sc0,VD1 fb0/1 MP1 w0 6ms g0 Q0 E0/0,THp n3/5 d0 x0 m0 s0 l0 b0 r10 g0,SPR fl0.0 n21/0 th1/0 td0/0/0 fb0 o0,SEG c410 f84 k12 lk0,VD1 shows Q0 E0/0 (no VDP1 emission this frame) while slave is idle b0%/Pb0%. SPL v1 digit likely truncated (16.4+9.0 vs =65).
2PLAYER-DEBUG2,06.png,True,8.3,120,67,6,0,6.1,21/1,9.2,2,6.1,14.7,8.1,0.6,26,8.1,6.9,6.3,18.1,4,61,3.2,4.9,LIM vp18.0 ds26 ss6 zf586k lg117k,SPL 16.2 10.0 0 0 k9 =38 tc1 bal0 h0.0 py17,,VRM tx18/26 bk0 q0 cb0/0 lb20:0/0/0.0,GOV d- w0 p0 e-147 sb0 L0 i16 ws480,THK n188 mo3 ph1 sm0 mv0 pt0 w1 dc0,TIC th4 s0 x?.? v?.? sp97% sc0,VD1 fb0/1 MP1 w0 14ms g0 Q10 E39/83,THp n2/5 d0 x0 m0 s0 l0 b0 r63 g0,SPR fl0.0 n12/0 th2/0 td0/0/0 fb1 o0,SEG c135 f3 k0 lk0,row 9 THp reads n2/5 (frames 00-05 read n3/5). SLV w5.1 mw2 — first frame with a non-zero slave wait.
2PLAYER-DEBUG2,07.png,True,8.3,120,64,6,0,6.7,22/2,9.1,2,8.8,24.1,14.3,1.0,41,9.2,8.1,9.3,24.2,5,45,9.9,6.5,LIM vp23.0 ds33 ss4 zf587k lg117k,SPL 17.3 35.0 0 0 k10 =52 tc1 bal0 h0.0 py17,,VRM tx18/26 bk1 q0 cb0/0 lb20:0/0/0.0,GOV d- w0 p0 e-105 sb0 L0 i16 ws480,THK n182 mo3 ph1 sm0 mv0 pt0 w1 dc0,TIC th3 s0 x?.? v?.? sp92% sc0,VD1 fb0/1 MP1 w0 16ms g0 Q14 E45/71,THp n2/5 d0 x0 m0 s0 l0 b0 r20 g0,SPR fl0.0 n24/1 th1/0 td0/0/0 fb0 o1,SEG c393 f0 k0 lk0,"SPL view times run together on screen ('17.335.0'); split as 17.3 / 35.0, which matches the =52 sum. VRM bk1 here (bk0 elsewhere)."
2PLAYER-DEBUG2,08.png,True,9.0,111,60,5,0,7.1,21/1,5.8,2,8.8,33.8,13.2,0.3,40,4.5,8.0,26.3,40.5,4,32,6.1,4.9,LIM vp13.0 ds31 ss4 zf604k lg117k,SPL 16.4 43.0 0 0 k5 =59 tc1 bal0 h0.0 py17,,VRM tx18/26 bk0 q0 cb0/0 lb20:0/0/0.0,GOV d- w0 p0 e-848 sb0 L0 i16 ws480,THK n169 mo3 ph1 sm0 mv0 pt0 w0 dc0,TIC th4 s0 x?.? v?.? sp92% sc0,VD1 fb0/1 MP1 w0 14ms g0 Q2 E6/93,THp n2/5 d0 x0 m0 s0 l0 b0 r15 g0,SPR fl0.0 n5/0 th1/0 td0/0/0 fb0 o0,SEG c477 f80 k11 lk0,SPL digits run together ('16.443.0'); split 16.4 / 43.0 matches the =59 sum.
2PLAYER-DEBUG2,09.png,True,9.8,102,48,5,0,7.6,21/1,6.4,2,5.5,19.5,9.7,0.3,30,6.3,5.7,7.8,17.2,5,61,6.1,5.9,LIM vp8.0 ds15 ss4 zf604k lg117k,SPL 16.3 20.0 0 0 k7 =36 tc1 bal0 h0.0 py17,,VRM tx18/26 bk0 q0 cb0/0 lb20:0/0/0.0,GOV d- w0 p0 e-804 sb0 L0 i16 ws480,THK n155 mo3 ph2 sm0 mv1 pt0 w0 dc0,TIC th4 s0 x?.? v?.? sp94% sc0,VD1 fb0/1 MP1 w0 9ms g0 Q7 E28/91,THp n2/5 d0 x0 m0 s0 l0 b0 r13 g0,SPR fl0.0 n2/0 th1/0 td0/0/0 fb0 o1,SEG c158 f14 k0 lk0,Fastest frame of the set; SPL 16.3+20.0 lands exactly on the =36 sum.
2PLAYER-DEBUG2,10.png,True,8.3,120,67,8,0,8.0,22/2,9.7,2,8.6,24.9,13.4,1.1,47,9.3,6.6,7.0,18.6,4,24,6.0,4.8,LIM vp10.0 ds20 ss4 zf604k lg122k,SPL 16.3 33.0 0 0 k11 =49 tc1 bal0 h0.0 py17,,VRM tx18/26 bk0 q0 cb0/0 lb20:0/0/0.0,GOV d- w0 p0 e-398 sb0 L0 i16 ws480,THK n188 mo4 ph2 sm1 mv1 pt0 w1 dc0,TIC th5 s0 x?.? v?.? sp95% sc0,VD1 fb0/1 MP1 w0 3ms g0 Q7 E33/90,THp n2/5 d0 x0 m0 s0 l0 b0 r36 g0,SPR fl0.8 n8/3 th2/0 td0/0/0 fb0 o0,SEG c184 f0 k0 lk0,"row-2 d47 with n2 gives 23.5 drawsegs/view, above the LIM ds20 on the same frame (see anomalies)."
2PLAYER-DEBUG2,11.png,True,7.9,126,72,5,0,8.1,22/1,8.9,2,9.0,20.6,19.4,1.0,41,7.9,8.1,6.3,20.6,4,27,2.0,5.2,LIM vp17.0 ds31 ss5 zf604k lg122k,SPL 16.3 38.0 0 0 k9 =54 tc1 bal0 h0.0 py17,,VRM tx18/26 bk0 q0 cb0/0 lb20:0/0/0.0,GOV d- w0 p0 e-853 sb0 L0 i16 ws480,THK n199 mo2 ph1 sm0 mv0 pt0 w1 dc0,TIC th3 s0 x?.? v?.? sp95% sc0,VD1 fb0/1 MP1 w0 4ms g0 Q5 E21/92,THp n2/5 d0 x0 m0 s0 l0 b0 r13 g0,SPR fl0.2 n25/1 th2/0 td0/0/0 fb0 o0,SEG c189 f0 k0 lk0,SLV w7.7 mw3 — the largest slave wait in the set. FMp hp field ends '4096!' with the trailing digit off the readable area.
2PLAYER-DEBUG2,12.png,True,7.0,142,88,5,0,8.4,22/1,9.6,2,12.0,29.1,19.9,1.5,59,8.8,12.4,8.5,28.7,4,30,2.2,5.9,LIM vp17.0 ds34 ss6 zf604k lg122k,SPL 29.3 38.0 0 0 k9 =67 tc1 bal0 h0.0 py17,,VRM tx18/26 bk0 q0 cb0/0 lb20:0/0/0.0,GOV d- w0 p0 e-356 sb0 L0 i16 ws480,THK n214 mo2 ph2 sm0 mv0 pt0 w1 dc0,TIC th3 s0 x?.? v?.? sp91% sc0,VD1 fb0/1 MP1 w0 5ms g0 Q5 E21/92,THp n2/5 d0 x0 m0 s0 l0 b0 r39 g0,SPR fl0.2 n25/1 th2/0 td0/0/0 fb0 o0,SEG c189 f0 k0 lk0,"Slowest frame of the set (7.0 fps, MST142); highest Bw (12.0), P (19.9) and drawsegs (d59)."
3PLAYER-DEBUG1,00.png,False,,,,,,,,,,,,,,,,,,,,,,,,,,,,,,,,,,"title-screen menu (id SOFTWARE logo); overlay shows pre-game idle state 15.0fps MST66, no n/row-2 stats, PLAYERS: 3 (START on pad 2 cycles) banner on row 23"
3PLAYER-DEBUG1,01.png,False,,,,,,,,,,,,,,,,,,,,,,,,,,,,,,,,,,menu (WHICH EPISODE?)
3PLAYER-DEBUG1,02.png,False,,,,,,,,,,,,,,,,,,,,,,,,,,,,,,,,,,menu (CHOOSE SKILL LEVEL)
3PLAYER-DEBUG1,03.png,False,,,,,,,,,,,,,,,,,,,,,,,,,,,,,,,,,,"loadscreen (black, overlay still pre-game: 5.2fps MST192, no row-2)"
3PLAYER-DEBUG1,04.png,True,6.5,153,117,9,0,4.0,5/2,15.2,3,14.4,42.4,22.7,1.8,75,11.7,17.3,14.2,44.3,3,17,3.9,4.0,LIM vp24.0 ds34 ss7 zf609k lg159k,SPL 28 35 28 4 k12 =95 tc1 bal0 h2.1 po5,,VRM tx4/26 bk0 q0 cb0/0 lb20:0/0/0.0,GOV d- w0 p0 e22 sb0 L0 i0 ws480,THK n270 mo3 ph1 sm0 mv0 pt1 w1 dc0,TIC th6 s1 x5.0 v9.2 sp94% sc0 ca4a,VD1 fb0/0 MP1 w0 9ms g5 Q14 E26/89,THp n0/4 d0 x0 m0 s0 l0 b0 r35 g1,SPR fl10.4 n17/1 th3/0 td0/0/0 fb2 o1,SEG c318 f0 k0 lk0,"row0 to0:0000 cd0 ld196/40; row6 MX m1 1056,-3616 a64 t0s; GOV e reads e22 (only positive e in the run); this is the first in-game frame, VD1 fb0/0 and THp n0/4 differ from later frames (n?/6)"
3PLAYER-DEBUG1,05.png,True,7.7,129,93,9,0,5.7,4/2,8.2,3,15.4,30.3,15.7,0.7,57,26.9,12.5,44.0,65.0,0,35,0.7,0.6,LIM vp20.0 ds30 ss7 zf609k lg159k,SPL 9 33 79 8 k28 =129 tc1 bal0 h1.9 po4,,VRM tx7/26 bk0 q0 cb0/0 lb20:0/0/0.0,GOV d- w0 p0 e-198 sb0 L0 i16 ws480,THK n216 mo4 ph2 sm0 mv1 pt0 w1 dc0,TIC th7 s1 x4.0 v7.8 sp88% sc0 ca4a,VD1 fb0/1 MP1 w0 12ms g2 Q8 E16/91,THp n0/6 d0 x0 m0 s0 l0 b0 r18 g0,SPR fl10.0 n36/0 th3/0 td0/0/0 fb3 o0,SEG c251 f39 k0 lk0,"post-load frame: SPL views wildly unbalanced (9/33/79/8, k28) and BPS lp44.0/wp65.0 far above row-2 Bp30.3; SLV b0%/Pm0.7/Ps0.6 collapsed vs neighbours; row10 FMp 56/136/312; row22 GRD zw1796 (non-zero only here); GCS w31.5/39 m0.0/1 P162/0.5; 'bal0' partially under sprite but readable"
3PLAYER-DEBUG1,06.png,True,10.0,100,61,8,0,4.8,4/2,7.3,3,6.5,20.8,7.5,0.8,34,5.6,7.7,7.7,21.0,2,24,1.9,1.6,LIM vp20.0 ds30 ss7 zf609k lg159k,SPL 8 28 5 4 k6 =45 tc1 bal0 h1.9 po4,,VRM tx9/26 bk0 q0 cb0/0 lb20:0/0/0.0,GOV d- w0 p0 e-892 sb0 L0 i16 ws480,THK n178 mo4 ph2 sm0 mv1 pt0 w1 dc0,TIC th6 s1 x3.3 v6.0 sp97% sc0 ca4a,VD1 fb0/1 MP1 w0 7ms g3 Q0 E0/0,THp n0/6 d0 x0 m0 s0 l0 b0 r30 g0,SPR fl10.0 n2/0 th1/0 td0/0/0 fb0 o0,SEG c80 f2 k0 lk0,"fastest in-game frame (10.0 fps, MST100); row0 ld field truncated at right edge (reads ld196/4...); VD1 Q0 E0/0"
3PLAYER-DEBUG1,07.png,True,7.2,138,102,14,0,4.6,5/2,12.8,3,13.4,36.0,16.7,2.3,72,9.2,14.9,11.5,37.4,3,28,3.5,3.9,LIM vp24.0 ds44 ss7 zf609k lg159k,SPL 38 31 7 3 k25 =79 tc1 bal0 h2.0 po5,,VRM tx17/26 bk0 q0 cb0/0 lb20:0/0/0.0,GOV d- w0 p0 e-252 sb0 L0 i16 ws480,THK n243 mo5 ph3 sm0 mv1 pt1 w1 dc0,TIC th10 s2 x4.5 v8.3 sp93% sc0 ca4a,VD1 fb0/1 MP1 w0 23ms g6 Q0 E0/0,THp n0/6 d0 x0 m0 s0 l1 b0 r15 g0,SPR fl10.8 n2/1 th4/1 td0/1/0 fb? o0,SEG c80 f2 k0 lk0,SPR fb digit hidden under a sprite (left as '?'); LOS C+ En1/0 Wg2 P0 N0/0/8 F12 L0s/0; SPL third view only 7 ms while first is 38
3PLAYER-DEBUG1,08.png,True,6.6,151,111,13,0,4.5,5/2,16.3,3,13.6,39.0,21.2,2.7,72,11.9,16.0,18.4,46.3,3,,4.6,3.6,LIM vp20.0 ds35 ss7 zf609k lg159k,SPL 27 30 28 3 k13 =88 tc1 bal0 h2.1 po5,,VRM tx18/26 bk1 q0 cb0/0 lb20:0/0/0.0,GOV d- w0 p0 e-350 sb0 L0 i16 ws480,THK n268 mo4 ph2 sm0 mv1 pt1 w1 dc0,TIC th8 s1 x5.0 v9.2 sp94% sc0 ca4a,VD1 fb0/1 MP1 w0 15ms g11 Q3 E16/87,THp n0/6 d1 x0 m0 s0 l1 b0 r71 g0,SPR fl10.0 n11/1 th3/0 td0/1/0 fb0 o0,SEG c201 f34 k3 lk0,"SLV Pb value obscured by red HUD text (reads Pb1_%), left absent; VRM bk1 (only frame with bk non-zero)"
3PLAYER-DEBUG1,09.png,True,7.6,131,93,13,0,4.4,4/2,9.5,3,12.5,34.8,16.3,1.3,51,7.7,10.2,16.8,34.9,2,17,3.2,2.8,LIM vp20.0 ds30 ss7 zf609k lg159k,SPL 18 30 22 3 k9 =73 tc1 bal0 h1.3 po?,,VRM tx18/26 bk0 q0 cb0/0 lb20:0/0/0.0,GOV d- w0 p0 e-507 sb0 L0 i16 ws480,THK n227 mo7 ph5 sm0 mv1 pt0 w1 dc0,TIC th11 s2 x4.3 v7.8 sp95% sc0 ca4a,VD1 fb0/1 MP1 w0 10ms g5 Q4 E7/82,THp n1/6 d1 x0 m0 s0 l1 b0 r53 g0,SPR fl10.0 n15/2 th4/1 td0/1/0 fb4 o2,SEG c124 f48 k4 lk0,"SPL trailing p-field digit ambiguous under sprite overlap, left as '?'; row10 FMp 72/152/312 sk21"
3PLAYER-DEBUG1,10.png,True,6.1,163,98,17,0,5.2,23/2,15.0,3,14.9,40.3,16.2,1.0,64,10.0,11.8,9.6,30.8,2,21,3.4,3.4,LIM vp20.0 ds30 ss7 zf609k lg159k,SPL 26 31 16 3 k11 =76 tc1 bal0 h1.? p?1,,VRM tx19/26 bk0 q0 cb0/0 lb20:0/0/0.0,GOV d- w0 p0 e-617 sb0 L0 i16 ws480,THK n271 mo6 ph3 sm1 mv2 pt1 w1 dc0,TIC th9 s1 x5.0 v9.8 sp87% sc0 ca4a,VD1 fb0/1 MP1 w0 17ms g0 Q6 E8/85,THp n1/6 d4 x0 m0 s0 l27 b0 r40 g0,SPR fl10.9 n16/5 th4/4 td0/27/0 fb2 o1,SEG c130 f3 k0 lk0,"row1 dg pre-count jumps to 23 (dg23/2), all other in-game frames are 4-10; THp l27 and SPR td0/27/0 (thing drops) spike here; SPL h and p fields sit under a sprite, digits marked '?'"
3PLAYER-DEBUG1,11.png,True,5.9,169,121,16,0,5.7,10/2,15.9,3,16.1,43.2,18.8,1.3,85,11.3,17.7,13.7,44.5,2,20,3.1,3.1,LIM vp27.0 ds37 ss7 zf609k lg151k,SPL 37 27 21 10 k16 =95 tc1 bal0 h6.4 po,,VRM tx19/26 bk0 q0 cb0/0 lb20:0/0/0.0,GOV d- w0 p0 e-647 sb0 L0 i16 ws480,THK n264 mo8 ph4 sm1 mv3 pt1 w1 dc0,TIC th10 s1 x5.0 v10.1 sp86% sc0 ca4a,VD1 fb0/1 MP1 w0 14ms g6 Q5 E16/97,THp n2/6 d4 x0 m0 s0 l5 b0 r21 g0,SPR fl10.2 n10/3 th5/1 td0/5/0 fb2 o0,SEG c173 f0 k0 lk0,"slowest in-game frame (5.9 fps, MST169, d85); SPL 4th slot = 10 ms (minimap normally 2-4) and h6.4; SPL p-value cut off at right edge; LIM lg151k (drops from 159k)"
3PLAYER-DEBUG1,12.png,True,6.7,149,105,11,0,5.5,5/2,15.1,3,14.4,40.8,17.3,1.5,78,12.4,16.7,12.2,40.9,3,23,4.2,4.1,LIM vp20.0 ds30 ss7 zf609k lg151k,SPL 31 27 21 2 k18 =81 tc1 bal0 h1.9 po5,,VRM tx19/26 bk0 q0 cb0/0 lb20:0/0/0.0,GOV d- w0 p0 e-748 sb0 L0 i16 ws480,THK n254 mo4 ph0 sm2 mv1 pt1 w1 dc0,TIC th6 s0 x5.0 v9.1 sp94% sc0 ca4a,VD1 fb0/1 MP1 w0 22ms g9 Q5 E16/97,THp n2/6 d4 x0 m0 s0 l4 b0 r33 g0,SPR fl10.2 n10/3 th5/1 td0/4/0 fb2 o0,SEG c173 f0 k0 lk0,row1 rs0.2 (all other frames rs0.1); row10 FMp 104/152/312
3PLAYER-DEBUG1,13.png,True,6.7,149,103,13,0,5.4,6/2,15.4,3,13.0,36.9,16.0,1.6,71,11.5,14.3,12.5,37.1,2,21,3.6,3.5,LIM vp20.0 ds30 ss7 zf609k lg159k,SPL 22 27 21 3 k15 =73 tc1 bal0 h3.1 po6,,VRM tx19/26 bk0 q0 cb0/0 lb20:0/0/0.0,GOV d- w0 p0 e-846 sb0 L0 i16 ws480,THK n253 mo6 ph3 sm1 mv2 pt1 w1 dc0,TIC th8 s0 x4.8 v9.1 sp90% sc0 ca4a,VD1 fb0/1 MP1 w0 27ms g11 Q5 E16/97,THp n3/6 d4 x0 m0 s0 l2 b0 r41 g0,SPR fl10.1 n10/2 th6/0 td0/2/0 fb1 o0,SEG c173 f0 k0 lk0,"VD1 w-time 27ms, highest of the run; row10 FMp 104/152/312"
3PLAYER-DEBUG1,14.png,True,7.0,142,101,9,0,5.3,5/2,13.6,3,11.5,33.2,9.6,1.3,59,10.6,14.0,10.7,34.9,2,27,2.9,2.6,LIM vp20.0 ds30 ss7 zf609k lg159k,SPL 21 31 21 4 k11 =77 tc1 bal0 h1.8 po5,,VRM tx19/26 bk0 q0 cb0/0 lb20:0/0/0.0,GOV d- w0 p0 e-96 sb0 L0 i16 ws480,THK n232 mo6 ph0 sm3 mv2 pt0 w1 dc0,TIC th6 s0 x4.7 v8.4 sp97% sc0 ca4a,VD1 fb0/1 MP1 w0 18ms g10 Q5 E16/97,THp n3/6 d4 x0 m0 s0 l2 b0 r49 g0,SPR fl10.1 n10/2 th6/1 td0/2/0 fb4 o0,SEG c173 f0 k0 lk0,"row-2 phase sum 55.6 ms is 21 ms below SPL =77, the widest gap of any clean frame; row10 FMp 120/152/312"
3PLAYER-DEBUG1,15.png,True,7.2,138,99,9,0,5.1,6/2,13.0,3,14.2,38.0,14.6,3.1,76,12.2,15.1,10.0,36.4,3,28,3.0,3.5,LIM vp20.0 ds30 ss7 zf609k lg159k,SPL 22 29 22 3 k14 =76 tc1 bal0 h3.0 po6,,VRM tx19/26 bk0 q0 cb0/0 lb20:0/0/0.0,GOV d- w0 p0 e-436 sb0 L0 i16 ws480,THK n219 mo5 ph1 sm2 mv1 pt0 w1 dc0,TIC th6 s0 x4.3 v8.2 sp91% sc0 ca4a,VD1 fb0/1 MP1 w0 22ms g12 Q5 E16/97,THp n3/6 d4 x0 m0 s0 l7 b0 r34 g0,SPR fl10.1 n10/2 th6/0 td0/7/0 fb3 o0,SEG c173 f0 k0 lk0,row3 REC 50:22.0 95:34.0 mx90.5 d0
3PLAYER-DEBUG1,16.png,True,7.0,142,100,11,0,5.0,5/2,15.0,3,13.4,38.3,12.5,3.1,77,12.1,16.3,10.5,37.7,2,28,3.0,2.6,LIM vp20.0 ds30 ss7 zf609k lg159k,SPL 24 29 22 3 k17 =78 tc1 bal0 h1.9 po5,,VRM tx19/26 bk0 q0 cb0/0 lb20:0/0/0.0,GOV d- w0 p0 e-591 sb0 L0 i16 ws480,THK n224 mo3 ph1 sm0 mv0 pt0 w1 dc0,TIC th4 s0 x4.5 v8.4 sp93% sc0 ca4a,VD1 fb0/1 MP1 w0 22ms g13 Q5 E16/97,THp n4/6 d4 x0 m0 s0 l1 b0 r38 g0,SPR fl10.1 n10/2 th6/0 td0/1/0 fb2 o0,SEG c173 f0 k0 lk0,row3 REC 50:22.0 95:32.0 mx90.5 d0; THp n4/6 is the highest n of the run
3PLAYER-DEBUG2,00.png,True,7.6,131,95,5,0,4.9,5/2,12.8,3,10.5,30.8,13.4,1.0,60,11.2,13.0,9.7,32.2,0,32,0.3,0.6,LIM vp20.0 ds30 ss7 zf609k lg159k,SPL 12 29 20 3 k12 =64 tc1 ba10 h1.8 po5,,VRM tx19/26 bk0 q0 cb0/0 lb20:0/0/0.0,GOV d- w0 p0 e-789 sb0 L0 i16 ws480,THK n210 mo2 ph0 sm0 mv0 pt0 w1 dc0,TIC th3 s0 x4.3 v7.8 sp95% sc0 ca4a,VD1 fb0/1 MP1 w0 26ms g13 Q5 E16/97,THp n4/6 d4 x0 m0 s0 l0 b0 r34 g0,SPR fl0.1 n10/2 th4/0 td0/0/0 fb1 o0,SEG c173 f0 k0 lk0,"row 0 also: a7.2 to0:0000 cd0 ld199/41. Row 12 (CD) buried under red HUD band, unreadable. lg159k here vs lg151k on every later frame."
3PLAYER-DEBUG2,01.png,True,6.4,156,123,9,0,4.9,5/2,11.4,3,17.1,48.1,14.0,1.2,91,11.7,19.1,16.9,50.1,3,30,4.2,4.2,LIM vp22.0 ds34 ss7 zf609k lg151k,SPL 29 28 33 3 k12 =93 tc1 ba10 h1.9 po5,,VRM tx19/26 bk0 q0 cb0/0 lb20:0/0/0.0,GOV d- w0 p0 e-175 sb0 L0 i16 ws480,THK n245 mo3 ph0 sm0 mv0 pt0 w1 dc0,TIC th6 s0 x5.0 v9.4 sp92% sc1 ca4a,VD1 fb0/1 MP1 w0 16ms g5 Q10 E34/94,THp n4/6 d4 x0 m0 s0 l0 b0 r35 g0,SPR fl0.0 n20/2 th4/0 td0/0/0 fb1 o1,SEG c292 f0 k0 lk0,row 0 also: a7.3 to0:0000 cd0 ld199/41. Row 20 BP g0 n16 x71 a0 e0 k0 q0 c0. CD row buried.
3PLAYER-DEBUG2,02.png,True,8.3,120,74,9,0,4.8,4/2,8.3,3,8.5,23.9,11.2,0.9,44,7.8,8.6,11.1,26.5,0,28,0.5,0.7,LIM vp20.0 ds30 ss7 zf609k lg151k,SPL 10 31 12 3 k9 =56 tc1 ba10 h1.9 po4,,VRM tx19/26 bk0 q0 cb0/0 lb20:0/0/0.0,GOV d- w0 p0 e-506 sb0 L0 i16 ws480,THK n186 mo7 ph4 sm1 mv2 pt0 w1 dc0,TIC th7 s0 x3.8 v7.2 sp92% sc0 ca4a,VD1 fb0/1 MP1 w0 27ms g11 Q5 E18/93,THp n4/6 d4 x0 m0 s0 l10 b0 r31 g0,SPR fl0.0 n12/0 th4/1 td0/0/0 fb1 o0,SEG c160 f18 k1 lk0,"row-0 'a' field sits under the red HUD overlay and could not be read reliably (omitted); rest of row 0: to0:0000 cd0 ld199/41. THp 'l' reads l10 here (l0 on the other frames) - possible 1/0 confusion, transcribed as seen. Only frame with SEG f/k non-zero (f18 k1) and GCS w0.9/18."
3PLAYER-DEBUG2,03.png,True,,163,126,15,0,4.8,8/2,12.3,3,16.8,40.3,11.5,2.0,79,11.3,17.1,12.0,42.3,2,27,3.5,3.1,LIM vp24.0 ds40 ss7 zf609k lg151k,SPL 31 27 22 3 k12 =83 tc1 ba10 h1.9 py5,,VRM tx19/26 bk1 q0 cb0/0 lb20:0/0/0.0,GOV d- w0 p0 e-870 sb0 L0 i16 ws480,THK n240 mo10 ph8 sm0 mv3 pt1 w1 dc0,TIC th12 s0 x5.0 v10.1 sp86% sc1 ca4a,VD1 fb0/2 MP1 w0 7ms g0 Q5 E9/82,THp n4/6 d8 x0 m0 s0 l0 b0 r28 g0,SPR fl0.1 n20/2 th3/0 td0/0/0 fb0 o0,SEG c228 f0 k0 lk0,Row 0 is almost entirely covered by the red HUD band: fps and 'a' unreadable (omitted); MST163 and ld199/41 legible. Only frame with VRM bk1.
3PLAYER-DEBUG2,04.png,True,6.1,163,104,6,0,5.3,23/2,13.1,3,16.8,40.1,12.3,2.2,80,12.3,16.6,11.2,40.3,2,26,4.1,3.2,LIM vp21.0 ds30 ss7 zf609k lg151k,SPL 26 28 23 3 k14 =80 tc1 ba10 h2.0 py1,,VRM tx19/26 bk0 q0 cb0/0 lb20:0/0/0.0,GOV d- w0 p0 e-65 sb0 L0 i16 ws480,THK n240 mo2 ph0 sm1 mv0 pt0 w1 dc0,TIC th3 s0 x5.0 v9.8 sp87% sc0 ca4a,VD1 fb0/2 MP1 w0 17ms g0 Q6 E10/73,THp n4/6 d3 x0 m0 s0 l0 b0 r63 g0,SPR fl0.5 n20/4 th3/0 td0/0/0 fb0 o0,SEG c220 f0 k0 lk0,row 0 also: a6.4 to0:0000 cd0 ld199/41.
3PLAYER-DEBUG2,05.png,True,6.5,153,100,7,0,5.7,23/2,12.9,3,22.8,47.0,18.6,2.5,103,12.2,17.2,14.7,44.2,2,16,3.4,3.2,LIM vp23.0 ds32 ss6 zf609k lg151k,SPL 29 36 23 3 k14 =91 tc1 ba10 h1.9 py1,,VRM tx19/26 bk0 q0 cb0/0 lb20:0/0/0.0,GOV d- w0 p0 e-160 sb0 L0 i16 ws480,THK n240 mo3 ph1 sm0 mv0 pt0 w1 dc0,TIC th4 s0 x5.0 v9.2 sp94% sc0 ca4a,VD1 fb0/2 MP1 w0 4ms g0 Q6 E10/73,THp n4/6 d3 x0 m0 s0 l1 b0 r61 g0,SPR fl0.5 n20/4 th4/0 td0/0/1 fb1 o0,SEG c220 f0 k0 lk0,"row 0 also: a6.2 to0:0000 cd0 ld199/41. Row 20 reads BP g3 n55 x80 a0 e0 k0 q0 c<?> - the trailing c digit sits under a sprite and was not readable. Heaviest frame of the set (d103, SPL sum 91)."
3PLAYER-DEBUG2,06.png,True,7.3,136,81,7,0,6.2,22/2,10.6,3,11.8,27.3,,1.7,54,9.7,11.3,9.2,28.8,2,27,2.6,2.6,LIM vp21.0 ds27 ss6 zf609k lg151k,SPL 26 8 24 3 k11 =61 tc1 ba10 h2.1 py17,,VRM tx19/26 bk0 q0 cb0/0 lb20:0/0/0.0,GOV d- w0 p0 e-338 sb0 L0 i16 ws480,THK n216 mo3 ph1 sm0 mv0 pt0 w1 dc0,TIC th4 s0 x4.5 v8.3 sp93% sc0 ca4a,VD1 fb0/2 MP1 w0 5ms g0 Q6 E10/73,THp n4/6 d3 x0 m0 s0 l0 b0 r57 g0,SPR fl0.5 n20/4 th1/0 td0/0/0 fb0 o0,SEG c220 f0 k0 lk0,"row 0 also: a6.3 to0:0000 cd0 ld199/41. Row-2 P is ambiguous between 3.9 and 9.9 (soft glyph over bright scenery) - omitted rather than guessed. SPL second view is only 8 ms here (26 8 24 3), the shortest view of the set; SPL trailing field reads py17 where other frames read py1/po5."
3PLAYER-DEBUG2,07.png,True,,169,108,7,0,6.6,23/2,12.7,3,18.3,41.4,12.7,1.8,82,11.5,15.7,12.9,41.0,1,27,2.7,2.7,LIM vp25.0 ds34 ss6 zf609k lg151k,SPL 26 31 23 3 k13 =83 tc1 ba10 h2.0 py1,,VRM tx19/26 bk0 q0 cb0/0 lb20:0/0/0.0,GOV d- w0 p0 e-555 sb0 L0 i16 ws480,THK n240 mo4 ph1 sm1 mv0 pt0 w1 dc0,TIC th5 s0 x5.0 v10.3 sp83% sc0 ca4a,VD1 fb0/2 MP1 w0 14ms g0 Q6 E10/73,THp n4/6 d3 x0 m0 s0 l0 b0 r42 g0,SPR fl0.5 n20/4 th2/0 td0/0/0 fb0 o0,SEG c220 f0 k0 lk0,"fps first digit is ambiguous (5.9 or 6.9) against the bright top-of-screen scenery, so fps is omitted; rest of row 0: a6.2 MST169 to0:0000 cd0 ld199/41."
3PLAYER-DEBUG2,08.png,True,,172,111,6,0,7.0,23/2,12.7,3,17.7,41.8,13.6,1.8,83,11.9,16.2,13.1,41.6,2,27,3.8,3.7,LIM vp25.0 ds37 ss7 zf609k lg151k,SPL 26 31 23 3 k13 =83 tc1 ba10 h2.2 py1,,VRM tx19/26 bk0 q0 cb0/0 lb20:0/0/0.0,GOV d- w0 p0 e-622 sb0 L0 i16 ws480,THK n240 mo2 ph0 sm1 mv0 pt0 w1 dc0,TIC th3 s0 x5.0 v10.1 sp86% sc0 ca4a,VD1 fb0/2 MP1 w0 14ms g0 Q6 E10/73,THp n3/6 d3 x0 m0 s0 l0 b0 r46 g0,SPR fl0.5 n20/4 th2/0 td0/0/0 fb0 o0,SEG c220 f0 k0 lk0,fps first digit ambiguous over bright scenery (omitted); rest of row 0: a5.8 MST172 to0:0000 cd0 ld199/41. REC row reads 50:24.0 here (50:22.0 on frames 00-06). Row 20 BP g0 n3 x62 a0 e0 k0 q0 c0.
3PLAYER-DEBUG2,09.png,True,,172,111,6,0,7.3,23/2,12.6,3,17.5,42.8,13.7,1.8,86,11.9,16.5,13.3,42.7,2,26,3.8,3.6,LIM vp25.0 ds36 ss6 zf609k lg151k,SPL 26 33 23 3 k13 =85 tc1 ba10 h2.1 py1,,VRM tx19/26 bk0 q0 cb0/0 lb20:0/0/0.0,GOV d- w0 p0 e-702 sb0 L0 i16 ws480,THK n240 mo2 ph0 sm1 mv0 pt0 w1 dc0,TIC th3 s0 x5.0 v10.3 sp83% sc0 ca4a,VD1 fb0/2 MP1 w0 13ms g0 Q6 E10/73,THp n3/6 d3 x0 m0 s0 l0 b0 r42 g0,SPR fl0.5 n20/4 th2/0 td0/0/0 fb0 o0,SEG c220 f0 k0 lk0,fps first digit ambiguous over bright scenery (omitted); rest of row 0: a5.8 MST172 to0:0000 cd0 ld199/41. REC row 50:24.0.
4PLAYER-DEBUG1,00.png,False,,,,,,,,,,,,,,,,,,,,,,,,,,,,,,,,,,"title-menu (id logo, no row-2 n field)"
4PLAYER-DEBUG1,01.png,False,,,,,,,,,,,,,,,,,,,,,,,,,,,,,,,,,,menu (WHICH EPISODE)
4PLAYER-DEBUG1,02.png,False,,,,,,,,,,,,,,,,,,,,,,,,,,,,,,,,,,menu (CHOOSE SKILL LEVEL)
4PLAYER-DEBUG1,03.png,True,0.9,1111,1084,0,0,0.0,2/2,0.0,4,24.8,235.0,60.8,2.7,124,65.3,25.1,191.3,235.1,1,20,16.6,12.1,LIM vp22.0 ds34 ss7 zf634k lg237k,SPL 220 53 64 52 k78 =389 tc1 bal0 h0.0,,VRM tx4/26 bk0 q0 cb0/0 lb20:0/0/0.0,GOV d- w0 p0 e213 sb0 L0 i0 ws480,THK n31 mo0 ph0 sm0 mv0 pt0 w0 dc0,TIC th0 s0 x0.4 v67.5 sp1% sc0 ca4a a,VD1 fb0/0 MP1 w0 20ms g3 Q5 E28/93,THp n0/0 d0 x0 m0 s0 l0 b0 r9 g0,SPR fl0.2 n18/3 th5/0 td0/0/0 fb1 o1,SEG c256 f168 k1 lk0,"row0 a6.2 to0:0000 cd0 ld196/4; rs0.0. Skill-menu still drawn over the picture but overlay legible; level just spawned (THK n31, R1084 ms). REC row all 0.0"
4PLAYER-DEBUG1,04.png,True,5.5,181,138,10,0,4.8,9/2,12.3,4,19.4,50.5,18.1,3.0,94,12.0,21.3,15.6,50.6,3,22,5.2,4.0,LIM vp26.0 ds30 ss7 zf624k lg159k,SPL 20 30 20 28 k13 =98 tc1 bal0 h2.6 po,,VRM tx4/26 bk0 q0 cb0/0 lb20:0/0/0.0,GOV d- w0 p0 e286 sb0 L0 i0 ws480,THK n275 mo4 ph2 sm0 mv1 pt1 w1 dc0,TIC th7 s1 x5.0 v11.0 sp78% sc0 ca4a,VD1 fb0/0 MP1 w0 21ms g8 Q9 E28/93,THp n0/7 d1 x0 m0 s0 l2 b0 r40 g12,SPR fl0.3 n18/5 th6/0 td0/2/0 fb1 o1,SEG c256 f0 k0 lk0,"row0 a5.0 to0:0000 cd0 ld196/40; rs0.1. MX m1 1056,-3616 a64 t0s; REC 50:26.0 95:34.0 mx60.3 d0"
4PLAYER-DEBUG1,05.png,True,7.0,142,100,11,0,4.3,5/2,9.9,4,13.4,43.1,17.3,1.1,67,8.7,13.8,20.8,44.7,3,38,0.4,0.6,LIM vp20.0 ds30 ss7 zf624k lg159k,SPL 13 34 12 30 k10 =89 tc1 bal0 h2.8 po,,VRM tx5/26 bk0 q0 cb0/0 lb20:0/0/0.0,GOV d- w0 p0 e270 sb0 L0 i0 ws240,THK n259 mo5 ph2 sm0 mv1 pt1 w1 dc0,TIC th9 s2 x4.7 v8.7 sp94% sc0 ca4a,VD1 fb0/1 MP1 w0 23ms g13 Q9 E28/93,THp n0/8 d1 x0 m0 s0 l1 b0 r35 g0,SPR fl0.2 n18/3 th7/0 td0/1/0 fb3 o1,SEG c256 f14 k0 lk0,row0 a5.8 ld196/40; rs0.1. GOV ws240 (halved vs ws480 on every other in-game frame)
4PLAYER-DEBUG1,06.png,True,6.9,144,95,11,0,4.1,5/2,10.1,4,13.1,59.7,14.3,1.4,63,8.7,13.6,12.5,36.3,1,5,2.2,1.8,LIM vp20.0 ds30 ss7 zf624k lg159k,SPL 10 29 4 28 k10 =71 tc1 bal0 h2.8 po5,,VRM tx6/26 bk0 q0 cb0/0 lb20:0/0/0.0,GOV d- w0 p0 e171 sb0 L0 i16 ws480,THK n267 mo6 ph2 sm2 mv1 pt1 w1 dc0,TIC th8 s1 x4.8 v8.8 sp94% sc0 ca4a,VD1 fb0/1 MP1 w0 22ms g14 Q9 E28/93,THp n0/8 d1 x0 m0 s0 l0 b0 r57 g0,SPR fl0.2 n17/4 th4/0 td0/0/0 fb1 o1,SEG c256 f2 k0 lk0,row0 a6.4 ld196/40; rs0.1. row-2 sum 88.5 exceeds SPL =71; Bp59.7 far from wp36.3
4PLAYER-DEBUG1,07.png,True,4.7,212,134,14,0,4.1,6/2,8.4,4,12.7,61.0,10.7,0.7,62,7.6,22.4,108.7,149.9,0,24,2.2,1.5,LIM vp20.0 ds41 ss7 zf615k lg159k,SPL 83 27 63 28 k8 =201 tc1 bal0 h3.0 po,,VRM tx6/26 bk0 q0 cb0/0 lb20:0/0/0.0,GOV d- w0 p0 e284 sb0 L0 i16 ws480,THK n275 mo11 ph6 sm2 mv3 pt1 w1 dc0,TIC th11 s1 x5.0 v13.0 sp66% sc0 ca4a,VD1 fb0/1 MP1 w2 79ms g61 Q9 E28/93,THp n0/8 d1 x0 m0 s0 l0 b0 r17 g0,SPR fl0.1 n16/2 th4/0 td0/0/0 fb0 o1,SEG c256 f0 k0 lk0,"row0 a5.9 ld196/40; rs0.2. Spike frame: VD1 79ms g61, BPS lp108.7/wp149.9, SPL views 83/27/63/28 =201; MX m1 1519,-2449 a12 t12s; GRD op0 tc0 r10 zw1859 np0 Lo0/0 pf0"
4PLAYER-DEBUG1,08.png,True,6.7,149,111,9,0,4.1,5/2,8.1,4,12.7,61.2,11.1,0.8,62,7.1,12.3,39.9,61.9,2,24,3.8,2.7,LIM vp20.0 ds30 ss7 zf615k lg159k,SPL 19 27 19 28 k8 =93 tc1 bal0 h2.5 po5,,VRM tx6/26 bk0 q0 cb0/0 lb20:0/0/0.0,GOV d- w0 p0 e284 sb0 L0 i16 ws480,THK n275 mo4 ph0 sm1 mv0 pt1 w0 dc0,TIC th6 s1 x5.0 v9.0 sp96% sc0 ca4a,VD1 fb0/1 MP1 w2 18ms g3 Q9 E28/93,THp n3/7 d1 x0 m0 s0 l0 b0 r21 g0,SPR fl0.6 n16/2 th4/0 td0/0/0 fb0 o1,SEG c256 f0 k0 lk0,row0 a6.4 ld196/40; rs0.1. FMp 120/160/312 sk21 mx8217 hp1256/4096!
4PLAYER-DEBUG1,09.png,True,6.6,151,112,11,0,4.0,5/2,8.6,4,12.4,61.8,10.8,0.7,63,7.6,13.0,38.7,62.0,2,25,3.2,2.7,LIM vp20.0 ds30 ss7 zf615k lg159k,SPL 19 28 19 28 k8 =93 tc1 bal0 h2.5 po5,,VRM tx6/26 bk0 q0 cb0/0 lb20:0/0/0.0,GOV d- w0 p0 e191 sb0 L0 i16 ws480,THK n275 mo8 ph4 sm1 mv0 pt1 w0 dc0,TIC th9 s1 x5.0 v9.1 sp94% sc0 ca4a,VD1 fb0/2 MP1 w2 9ms g3 Q9 E28/93,THp n4/7 d1 x0 m0 s0 l0 b0 r21 g0,SPR fl0.1 n16/2 th4/0 td0/0/0 fb0 o1,SEG c256 f0 k0 lk0,row0 a6.7 ld196/40; rs0.1. FMp 120/152/312 sk21 mx8217 hp1256/4096!
4PLAYER-DEBUG1,10.png,True,7.0,142,94,13,0,4.0,5/2,9.3,4,13.3,60.6,10.7,1.1,63,7.9,13.2,13.7,36.7,2,25,3.2,2.7,LIM vp20.0 ds30 ss7 zf624k lg159k,SPL 8 28 9 28 k9 =73 tc1 bal0 h2.8 po5,,VRM tx7/26 bk0 q0 cb0/0 lb20:0/0/0.0,GOV d- w0 p0 e164 sb0 L0 i16 ws480,THK n267 mo14 ph3 sm9 mv2 pt1 w1 dc0,TIC th10 s2 x4.8 v8.5 sp97% sc0 ca4a,VD1 fb0/2 MP1 w2 31ms g8 Q9 E28/93,THp n4/7 d1 x0 m0 s0 l0 b0 r41 g2,SPR fl0.3 n18/4 th3/0 td0/0/0 fb0 o2,SEG c256 f0 k0 lk0,row0 a6.5 ld196/40; rs0.2. row-2 sum 85.7 exceeds SPL =73; Bp60.6 far from wp36.7. FMp 136/152/312
4PLAYER-DEBUG1,11.png,True,6.7,149,97,11,0,4.0,5/2,10.1,4,13.3,42.5,11.8,1.8,65,8.4,15.3,12.4,37.7,1,25,2.0,1.7,LIM vp20.0 ds30 ss7 zf624k lg159k,SPL 8 31 8 28 k10 =75 tc1 bal0 h2.8 po5,,VRM tx7/26 bk0 q0 cb0/0 lb20:0/0/0.0,GOV d- w0 p0 e37 sb0 L0 i16 ws480,THK n267 mo11 ph1 sm8 mv1 pt1 w1 dc0,TIC th7 s2 x4.8 v9.0 sp92% sc0 ca4a,VD1 fb0/2 MP1 w2 31ms g14 Q9 E28/93,THp n4/7 d1 x0 m0 s0 l0 b0 r39 g0,SPR fl0.2 n18/4 th5/0 td0/0/0 fb1 o2,SEG c256 f2 k0 lk0,row0 a6.5 ld196/40; rs0.1. FMp 136/152/312 sk21 mx8217 hp1256/4096!
4PLAYER-DEBUG1,12.png,True,5.4,185,128,19,0,4.0,7/2,16.5,4,17.7,53.5,17.9,1.1,91,10.5,18.3,16.9,49.3,2,23,4.8,4.1,LIM vp23.0 ds34 ss7 zf624k lg159k,SPL 32 30 8 27 k19 =97 tc1 bal0 h2.7 po7,,VRM tx15/26 bk0 q0 cb0/0 lb20:0/0/0.0,GOV d- w0 p0 e-2 sb0 L0 i16 ws480,THK n285 mo5 ph2 sm0 mv1 pt1 w1 dc0,TIC th9 s2 x5.0 v11.0 sp78% sc0 ca4a,VD1 fb0/2 MP1 w2 15ms g11 Q9 E28/93,THp n4/7 d1 x0 m0 s0 l4 b0 r38 g0,SPR fl0.2 n18/3 th6/1 td0/4/0 fb3 o1,SEG c256 f0 k0 lk0,"row0 a5.5 ld196/40; rs0.1. MX x coordinate partly occluded by a sprite (reads 151?,-2449) - not transcribed. GOV e negative (e-2)"
4PLAYER-DEBUG1,13.png,True,5.8,172,123,18,0,4.0,6/2,16.5,4,17.8,46.7,20.5,1.8,94,10.2,20.1,14.1,48.6,1,28,2.0,2.1,LIM vp20.0 ds32 ss7 zf624k lg159k,SPL 32 29 12 27 k16 =100 tc1 bal0 h2.7 p,,VRM tx15/26 bk0 q0 cb0/0 lb20:0/0/0.0,GOV d- w0 p0 e1 sb0 L0 i16 ws480,THK n288 mo7 ph2 sm3 mv1 pt1 w1 dc0,TIC th9 s2 x5.0 v10.3 sp83% sc0 ca4a,VD1 fb6/2 MP1 w2 23ms g14 Q9 E28/93,THp n4/7 d1 x0 m0 s0 l0 b0 r55 g0,SPR fl0.1 n16/2 th6/0 td0/0/0 fb3 o1,SEG c256 f0 k0 lk0,"row0 a5.5 ld196/40; rs0.1. VD1 fb6/2 - first frame where the fb pre-count is non-zero. MX m1 1519,-2449 a12 t12s"
4PLAYER-DEBUG1,14.png,True,5.8,172,117,18,0,4.0,7/2,16.8,4,16.6,49.6,19.0,1.3,83,10.0,17.0,15.0,45.0,2,21,4.0,4.0,LIM vp20.0 ds30 ss7 zf624k lg159k,SPL 26 37 9 27 k17 =89 tc1 bal0 h3.5 po7,,VRM tx15/26 bk0 q0 cb0/0 lb20:0/0/0.0,GOV d- w0 p0 e-22 sb0 L0 i16 ws480,THK n286 mo11 ph4 sm5 mv3 pt1 w1 dc0,TIC th11 s2 x5.0 v10.1 sp86% sc0 ca4a,VD1 fb6/2 MP1 w2 26ms g11 Q9 E28/93,THp n4/7 d2 x0 m0 s0 l11 b0 r34 g0,SPR fl0.1 n16/2 th6/1 td0/11/0 fb1 o1,SEG c256 f0 k0 lk0,row0 a5.8 ld196/40; rs0.1. GOV e negative (e-22); THp l11 matches SPR td 2nd field 11
4PLAYER-DEBUG2,00.png,True,6.2,161,120,10,0,4.0,6/2,12.8,4,17.7,44.9,16.2,2.0,93,11.3,19.4,16.0,49.5,3,31,,5.1,LIM vp20.0 ds31 ss7 zf624k lg159k,SPL 28 28 9 27 k12 =92 tc1 bal0 h2.5 po6,,VRM tx15/26 bk0 q0 cb0/0 lb20:0/0/0.0,GOV d- w0 p0 e-21 sb0 L0 i16 ws480,THK n270 mo3 ph0 sm0 mv0 pt1 w1 dc0,TIC th7 s2 x5.0 v9.7 sp89% sc0 ca4a,VD1 fb6/2 MP1 w2 26ms g10 Q9 E28/93,THp n4/7 d2 x0 m0 s0 l0 b0 r?? g0,SPR fl0.2 n16/3 th3/0 td0/0/0 fb0 o1,SEG c256 f0 k0 lk0,SLV Pm digit unreadable (reads 'Pm5.'); THp r 2nd digit unreadable -> omitted. Row 20: BP g0 n0 x0 a0 e0 k0 q0 c0
4PLAYER-DEBUG2,01.png,True,6.7,149,99,10,0,4.0,6/2,9.4,4,15.1,55.5,15.1,0.8,73,8.5,15.5,29.5,55.7,1,22,1.9,1.7,LIM vp20.0 ds30 ss7 zf624k lg159k,SPL 24 29 13 28 k9 =94 tc1 bal0 h2.7 po6,,VRM tx18/26 bk0 q0 cb0/0 lb20:0/0/0.0,GOV d- w0 p0 e-63 sb0 L0 i16 ws480,THK n262 mo3 ph0 sm0 mv0 pt1 w1 dc0,TIC th7 s1 x4.8 v9.0 sp92% sc0 ca4a,VD1 fb6/2 MP1 w2 25ms g12 Q9 E28/93,THp n4/7 d2 x0 m0 s0 l0 b0 r21 g0,SPR fl0.1 n16/2 th7/0 td0/0/0 fb3 o1,SEG c256 f0 k0 lk0,Row 20: BP g0 n0 x0 a0 e0 k0 q0 c0
4PLAYER-DEBUG2,02.png,True,6.3,158,111,14,0,4.0,5/2,11.9,4,19.8,49.3,26.2,1.9,86,10.6,16.9,15.7,44.9,1,13,1.0,1.8,LIM vp20.0 ds30 ss7 zf624k lg159k,SPL 18 29 20 27 k13 =94 tc1 bal0 h2.6 po,,,GOV d- w0 p0 e-116 sb0 L0 i16 ws480,THK n262 mo7 ph4 sm0 mv2 pt1 w1 dc0,TIC th10 s1 x4.8 v9.5 sp87% sc0 ca4a,VD1 fb6/2 MP1 w2 27ms g17 Q9 E28/93,THp n4/7 d2 x0 m0 s0 l0 b0 r?? g0,SPR fl0.2 n16/3 th4/0 td0/0/0 fb3 o1,SEG c256 f0 k0 lk0,a white sprite covers part of rows 17-20: VRM tx value and the BP row are unreadable; THp r 2nd digit unreadable
4PLAYER-DEBUG2,03.png,True,5.5,181,126,20,0,4.0,8/2,15.2,4,19.9,49.7,20.7,1.5,95,11.4,18.4,16.4,49.6,1,19,3.0,2.7,LIM vp26.0 ds32 ss7 zf624k lg159k,SPL ?? ?? ?? 27 k13 =100 tc1 bal0 h3.9 p,,,GOV d- w0 p0 e-117 sb0 L0 i16 ws480,THK n267 mo8 ph5 sm1 mv3 pt1 w1 dc0,TIC th14 s1 x5.0 v10.8 sp80% sc0 ca4a,VD1 fb6/2 MP1 w2 22ms g5 Q9 E28/93,THp n4/7 d2 x0 m0 s0 l0 b0 r25 g1,SPR fl0.2 n16/3 th4/0 td0/0/0 fb3 o1,SEG c256 f0 k0 lk0,a large white sprite covers the left half of rows 14-20: the first three SPL view times and the VRM/BP/FLT rows are unreadable. GRD row: op0 tc0 rl0 zw450 np0 Lo0/0 pf0
4PLAYER-DEBUG2,04.png,True,5.0,200,140,18,0,4.0,17/2,17.5,4,22.2,51.4,25.5,2.3,102,11.4,19.8,16.7,52.1,2,18,6.3,4.7,LIM vp24.0 ds35 ss7 zf624k lg159k,SPL 38 29 13 ?? k18 =108 tc1 bal0 h2.5 p,,,GOV d- w0 p0 e-102 sb0 L0 i16 ws480,THK n275 mo6 ph1 sm2 mv1 pt1 w1 dc0,TIC th8 s0 x5.0 v12.0 sp72% sc0 ca4a,VD1 fb6/2 MP1 w2 3ms g0 Q9 E28/93,THp n4/7 d2 x0 m0 s0 l5 b0 r18 g0,SPR fl0.2 n16/3 th5/0 td0/5/0 fb4 o1,SEG c256 f0 k0 lk0,white sprite covers the middle of rows 15-20: the 4th SPL view time and most of the VRM row unreadable (VRM starts 'tx18/26')
4PLAYER-DEBUG2,05.png,True,5.5,153,105,13,0,4.3,5/2,11.9,4,16.8,38.3,17.4,1.1,75,9.8,15.1,12.1,38.4,2,18,3.8,3.3,LIM vp20.0 ds30 ss7 zf624k lg159k,SPL 20 29 4 28 k11 =81 tc1 bal0 h2.5 po5,,VRM tx18/26 bk0 q0 cb0/0 lb20:0/0/0.0,GOV d- w0 p0 e-120 sb0 L0 i16 ws480,THK n257 mo7 ph2 sm2 mv2 pt1 w1 dc0,TIC th10 s1 x5.0 v9.2 sp94% sc1 ca4a,VD1 fb6/2 MP1 w2 29ms g14 Q9 E28/93,THp n4/7 d2 x0 m0 s0 l0 b0 r43 g0,SPR fl0.1 n16/2 th5/0 td0/0/0 fb2 o1,SEG c256 f0 k0 lk0,Row 20: BP g0 n0 x0 a0 e0 k0 q0 c0
4PLAYER-DEBUG2,06.png,True,5.8,158,110,17,0,4.3,7/2,15.6,4,16.1,38.4,18.5,2.8,74,9.3,14.2,11.8,37.7,2,19,3.8,3.2,LIM vp20.0 ds30 ss7 zf624k lg159k,SPL 22 27 8 28 k14 =85 tc1 bal0 h3.7 po7,,VRM tx18/26 bk0 q0 cb0/0 lb20:0/0/0.0,GOV d- w0 p0 e-189 sb0 L0 i16 ws480,THK n270 mo6 ph3 sm1 mv2 pt1 w1 dc0,TIC th9 s0 x5.0 v9.5 sp90% sc0 ca4a,VD1 fb6/2 MP1 w2 11ms g4 Q9 E28/93,THp n4/7 d3 x0 m0 s0 l19 b0 r43 g0,SPR fl0.3 n16/3 th5/3 td0/19/0 fb2 o1,SEG c256 f0 k0 lk0,Row 20: BP g0 n0 x0 a0 e0 k0 q0 c0
4PLAYER-DEBUG2,07.png,True,6.4,156,114,7,0,4.3,5/2,11.3,4,16.3,44.5,14.5,1.3,74,9.8,15.2,22.5,49.3,2,23,3.7,3.4,LIM vp20.0 ds30 ss7 zf624k lg159k,SPL 19 28 15 26 k11 =88 tc1 bal0 h2.4 po,,,GOV d- w0 p0 e-240 sb0 L0 i16 ws480,THK n242 mo2 ph0 sm0 mv0 pt0 w1 dc0,TIC th5 s0 x4.8 v9.4 sp88% sc0 ca4a,VD1 fb6/2 MP1 w3 22ms g7 Q9 E28/93,THp n4/7 d3 x0 m0 s0 l0 b0 r?? g0,SPR fl0.1 n16/2 th6/0 td0/0/0 fb0 o1,SEG c256 f0 k0 lk0,THp r 2nd digit unreadable; VRM row after 'tx18/26' washed out by a bright sprite. Row 20: BP g0 n0 x0 a0 e0 k0 q0 c0
4PLAYER-DEBUG2,08.png,True,6.4,156,124,8,0,4.2,5/2,10.8,4,21.3,63.9,15.3,1.5,103,9.4,15.5,29.6,64.1,1,25,2.1,1.6,LIM vp20.0 ds30 ss7 zf624k lg151k,SPL 33 27 22 27 k11 =109 tc1 bal0 h2.5 p,,VRM tx18/26 bk0 q0 cb0/0 lb20:0/0/0.0,GOV d- w0 p0 e-269 sb0 L0 i16 ws480,THK n255 mo2 ph0 sm0 mv0 pt0 w1 dc0,TIC th5 s0 x5.0 v9.4 sp92% sc0 ca4a,VD1 fb6/2 MP1 w3 18ms g5 Q9 E28/93,THp n4/7 d3 x0 m0 s0 l0 b0 r51 g0,SPR fl0.1 n18/2 th5/0 td0/0/0 fb0 o1,SEG c256 f0 k0 lk0,Row 20: BP g4 n80 x80 a0 e0 k0 q0 c11
4PLAYER-DEBUG2,09.png,True,6.9,144,91,12,0,4.2,6/2,9.6,4,14.0,36.1,13.0,1.2,69,8.6,14.4,10.4,35.4,2,27,3.9,3.6,LIM vp20.0 ds30 ss7 zf624k lg151k,SPL 13 29 4 27 k10 =73 tc1 bal0 h3.3 po6,,VRM tx18/26 bk0 q0 cb0/0 lb20:0/0/0.0,GOV d- w0 p0 e-338 sb0 L0 i16 ws480,THK n238 mo7 ph4 sm0 mv2 pt0 w1 dc0,TIC th8 s0 x4.8 v8.8 sp94% sc0 ca4a,VD1 fb6/2 MP1 w4 34ms g21 Q9 E28/93,THp n4/7 d3 x0 m0 s0 l0 b0 r38 g0,SPR fl0.1 n16/2 th6/0 td0/0/0 fb2 o1,SEG c256 f0 k0 lk0,Row 20: BP g0 n0 x0 a0 e0 k0 q0 c0
4PLAYER-DEBUG2,10.png,True,4.9,,115,14,0,4.5,24/2,11.8,4,15.3,41.8,13.2,1.8,81,10.0,16.4,13.7,42.3,2,28,4.3,3.7,LIM vp20.0 ds30 ss7 zf624k lg159k,SPL 19 27 7 28 k11 =81 tc1 bal0 h2.6 py1,,VRM tx18/26 bk1 q0 cb0/0 lb20:0/0/0.0,GOV d- w0 p0 e-443 sb0 L0 i16 ws480,THK n245 mo7 ph5 sm0 mv2 pt1 w1 dc0,TIC th9 s0 x5.0 v12.2 sp70% sc1 ca4a,VD1 fb6/2 MP1 w7 12ms g0 Q9 E28/93,THp n4/7 d3 x0 m0 s0 l0 b0 r27 g0,SPR fl0.3 n17/3 th3/0 td0/0/0 fb0 o1,SEG c256 f0 k0 lk0,row 0 sits on a red HUD band: the 'a' value and the MST digits are not reliably readable -> both omitted (fps 4.9 is clear). Row 20: BP g0 n0 x0 a0 e0 k0 q0 c0
4PLAYER-DEBUG2,11.png,True,6.2,161,100,9,0,5.0,23/2,11.2,4,10.3,25.5,11.7,2.8,45,10.5,13.4,11.1,34.3,2,34,3.1,3.9,LIM vp21.0 ds30 ss6 zf624k lg159k,SPL 18 22 7 24 k12 =71 tc1 bal0 h2.8 py1,,VRM tx19/26 bk0 q0 cb0/0 lb20:0/0/0.0,GOV d- w0 p0 e-548 sb0 L0 i16 ws480,THK n238 mo4 ph2 sm0 mv1 pt0 w1 dc0,TIC th5 s0 x4.8 v9.7 sp85% sc0 ca4a,VD1 fb6/2 MP1 w7 4ms g0 Q13 E22/74,THp n4/7 d3 x0 m0 s0 l0 b0 r28 g0,SPR fl0.4 n15/2 th5/0 td0/0/0 fb0 o0,SEG c213 f0 k0 lk0,Row 20: BP g0 n0 x0 a0 e0 k0 q0 c0
4PLAYER-DEBUG2,12.png,True,7.9,126,65,10,0,5.6,23/2,8.1,4,5.5,17.8,6.8,0.7,26,5.7,6.2,11.2,21.7,1,31,2.0,2.1,LIM vp8.0 ds17 ss4 zf624k lg159k,SPL 17 14 7 8 k7 =46 tc1 bal0 h2.7 py17,,VRM tx19/26 bk1 q0 cb0/0 lb20:0/0/0.0,GOV d- w0 p0 e-226 sb0 L0 i16 ws480,THK n208 mo6 ph4 sm0 mv2 pt0 w1 dc0,TIC th7 s0 x4.2 v7.7 sp95% sc0 ca4a,VD1 fb6/2 MP1 w7 5ms g1 Q0 E0/0,THp n4/7 d3 x0 m0 s0 l0 b0 r16 g0,SPR fl0.0 n3/0 th3/0 td0/0/0 fb1 o1,SEG c160 f0 k0 lk0,REC row reads 95:28.0 here (not 30.0). Row 20: BP g0 n0 x0 a0 e0 k0 q0 c0
4PLAYER-DEBUG2,13.png,True,8.3,120,64,8,0,6.0,23/2,6.5,4,5.3,,9.2,0.8,25,5.6,6.8,8.7,20.2,1,20,1.7,1.9,LIM vp8.0 ds17 ss4 zf624k lg159k,SPL 17 10 7 9 k7 =43 tc1 bal0 h2.6 py17,,VRM tx19/26 bk0 q0 cb0/0 lb20:0/0/0.0,GOV d- w0 p0 e-614 sb0 L0 i16 ws480,THK n196 mo3 ph2 sm0 mv1 pt0 w1 dc0,TIC th5 s0 x4.0 v7.1 sp97% sc0 ca4a,VD1 fb6/2 MP1 w7 11ms g1 Q6 E6/99,THp n4/7 d3 x0 m0 s0 l0 b0 r18 g0,SPR fl0.0 n3/0 th4/0 td0/0/0 fb0 o0,SEG c160 f0 k0 lk0,row-2 Bp glyphs are ambiguous between 14.9 and 41.9 -> field omitted rather than guessed (SPL =43 and wp20.2 only fit the smaller value). REC row reads 95:28.0. VD1 tail 'Q6 E6/99' is low-confidence. Row 20: BP g4 n80 x500 a0 e0 k0 q4 c12
4PLAYER-DEBUG2,14.png,True,4.6,217,118,45,0,4.4,24/2,10.0,4,20.3,50.2,19.5,1.8,109,10.0,18.2,14.8,47.9,2,25,3.3,3.4,LIM vp25.0 ds39 ss7 zf624k lg151k,SPL 17 40 6 36 k11 =99 tc1 bal0 h2.8 py1,,VRM tx19/26 bk1 q0 cb0/0 lb20:0/0/0.0,GOV d- w0 p0 e-266 sb0 L0 i16 ws480,THK n245 mo5 ph3 sm0 mv2 pt1 w1 dc0,TIC th42 s0 x5.0 v13.0 sp66% sc3 ca4a,VD1 fb6/2 MP1 w7 11ms g0 Q10 E14/71,THp n4/7 d3 x0 m0 s0 l0 b0 r30 g0,SPR fl0.4 n21/2 th4/0 td0/0/0 fb2 o1,SEG c893 f0 k0 lk0,"row-0 ld reads 198/41 (all other frames 197/41); row-0 'a7.0' sits on a red band, medium confidence. Row 20: BP g0 n10 x67 a0 e0 k0 q0 c0"
4PLAYER-DEBUG3,00.png,True,5.4,185,126,10,0,6.9,24/2,11.1,4,14.3,40.0,16.8,6,73,9.9,18.9,14.4,48.2,3,31,5.0,5.3,LIM vp29.0 ds48 ss7 zf624k lg151k,SPL 18 36 7 35 k11 =96 tc1 bal0 h2.8 py1,,VRM tx19/26 bk0 q0 cb0/0 lb20:0/0/0.0,GOV d- w0 p0 e-266 b0 L0 i16 ws480,THK n240 mo4 ph2 sm0 mv1 pt0 w1 dc0,TIC th8 s0 x5.0 v11.0 sp78% sc2 ca4a,VD1 fb6/2 MP1 w7 3ms g0 Q14 E17/56,THp n4/7 d3 x0 m0 s0 l0 b0 r29 g0,SPR fl0.2 n17/2 th3/0 td0/0/0 fb1 o1,SEG c342 f1 k0 lk0,"row0 a5.6 to0:0000 cd0 ld198/41; row1 rs0.1; row3 REC 50:24.0 95:32.0 mx81.3 d0; row5 w0.4 mw0 0; row6 MX m1 1519,-2449 a12 t12s; row7 M3 lowr ms1 pm1 SQ:fxxf cs1 lr1/o5; row10 FMp 136/168/312 sk21 mx8217 hp1256/4096!; row12 CD buried under HUD; row13 LOS c+ En1/0 Wg2 F0 N0/0/0 F12 Los/0; row16 GCS w0.0/1 m0.0/0 P151/0.0; row19 FLT A+ v0 s0/0 @0.0 r6 ld6 f0 F0/0/0; row20 BP g0 n0 x0 a0 e0 k0 q0 c0; row22 GRD op0 tc0 r10 zw0 np0 Lo0/0 pf0"
4PLAYER-DEBUG3,01.png,True,7.4,135,76,7,0,7.2,23/2,8.8,4,15.0,29.1,14.0,1.5,59,8.7,9.7,9.6,27.7,3,27,3.6,3.7,LIM vp17.0 ds30 ss4 zf624k lg159k,SPL 18 19 7 21 k10 =65 tc1 bal0 h2.8 py1,,VRM tx19/26 bk0 q0 cb0/0 lb20:0/0/0.0,GOV d- w0 p0 e-611 b0 L0 i16 ws480,THK n216 mo3 ph1 sm0 mv1 pt0 w1 dc0,TIC th5 s0 x4.5 v8.2 sp95% sc0 ca4a,VD1 fb6/2 MP1 w7 2ms g0 Q6 E17/84,THp n4/7 d3 x0 m0 s0 l0 b0 r65 g0,SPR fl0.0 n24/2 th4/0 td0/0/0 fb0 o0,SEG c182 f0 k0 lk0,row0 a6.5 to0:0000 cd0 ld198/41; row3 REC 50:22.0 95:32.0 mx81.3 d0; row5 w0.2 mw0 0; row13 LOS c+ En1/0 Wg2 F0 N0/0/1 F12 Los/0; row16 GCS w0.0/0 m0.0/0 P151/0.0; row20 BP g0 n1 x62 a0 e0 k0 q0 c0; row12 CD buried
4PLAYER-DEBUG3,02.png,True,6.0,166,106,10,0,7.4,24/2,11.1,4,8.7,21.5,11.1,1.6,41,9.5,10.3,11.2,29.5,1,24,2.2,2.6,LIM vp19.0 ds34 ss4 zf624k lg151k,SPL 18 24 8 19 k11 =69 tc1 bal0 h2.6 py1,,VRM tx19/26 bk0 q0 cb0/0 lb20:0/0/0.0,GOV d- w0 p0 e-682 b0 L0 i16 ws480,THK n240 mo4 ph2 sm0 mv1 pt0 w1 dc0,TIC th7 s0 x5.0 v9.8 sp87% sc0 ca4a,VD1 fb6/2 MP1 w7 6ms g0 Q11 E15/61,THp n4/7 d3 x0 m0 s0 l0 b0 r40 g0,SPR fl0.0 n9/1 th5/0 td0/0/0 fb2 o0,SEG c245 f1 k0 lk0,row0 a6.0 to0:0000 cd0 ld198/41; row3 REC 50:22.0 95:32.0 mx81.3 d0; row5 w0.4 mw0 0; row13 LOS c+ En1/0 Wg2 F0 N0/0/4 F12 Los/0; row16 GCS w0.0/1 m0.0/0 P151/0.0; row20 BP g0 n0 x0 a0 e0 k0 q0 c0; row12 CD buried
4PLAYER-DEBUG3,03.png,True,7.2,138,76,11,0,7.7,23/2,7.8,4,6.5,22.3,6.8,0.8,33,6.8,8.1,18.1,32.4,0,34,0.8,0.9,LIM vp14.0 ds24 ss4 zf624k lg151k,SPL 17 17 7 15 k7 =56 tc1 bal0 h2.6 py17,,VRM tx19/26 bk0 q0 cb0/0 lb20:0/0/0.0,GOV d- w0 p0 e-250 b0 L0 i16 ws480,THK n216 mo6 ph4 sm0 mv2 pt0 w1 dc0,TIC th8 s0 x4.5 v8.2 sp95% sc1 ca4a,VD1 fb6/2 MP1 w7 4ms g0 Q0 E0/0,THp n4/7 d3 x0 m0 s0 l0 b0 r16 g0,SPR fl0.0 n3/0 th1/0 td0/0/0 fb0 o0,SEG c80 f53 k5 lk0,"row0 a6.8 to0:0000 cd0 ld198/41; row3 REC 50:18.0 95:32.0 mx81.3 d0; row5 w0.0 mw0 0; row13 LOS c+ En1/0 Wg2 F0 N0/0/2 F12 Los/0; row16 GCS w2.6/58 m0.0/0 P151/0.0; row20 BP g1 n23 x58 a0 e0 k0 q0 c2; outlier frame: SEG f53 k5, GCS w2.6/58, SPL py17, VD1 Q0 E0/0; row12 CD buried"
4PLAYER-DEBUG3,04.png,True,6.3,158,94,11,0,8.0,22/2,10.2,4,13.7,34.2,16.5,2.5,69,10.4,13.4,13.2,33.3,2,19,3.4,3.2,LIM vp25.0 ds33 ss5 zf624k lg151k,SPL 17 24 7 27 k11 =75 tc1 bal0 h2.6 py1,,VRM tx19/26 bk0 q0 cb0/0 lb20:0/0/0.0,GOV d- w0 p0 e-767 b0 L0 i16 ws480,THK n233 mo6 ph4 sm0 mv2 pt1 w1 dc0,TIC th9 s0 x4.8 v9.5 sp87% sc0 ca4a,VD1 fb6/2 MP1 w8 13ms g7 Q7 E25/80,THp n4/7 d3 x0 m0 s0 l0 b0 r30 g0,SPR fl0.1 n22/3 th2/0 td0/0/0 fb0 o0,SEG c254 f2 k0 lk0,row0 a6.9 to0:0000 cd0 ld198/41; row3 REC 50:18.0 95:32.0 mx81.3 d0; row5 w0.1 mw0 0; row13 LOS c+ En1/0 Wg2 F0 N0/0/3 F12 Los/0; row16 GCS w0.1/2 m0.3/8 P151/0.0; row20 BP g1 n17 x491 a0 e0 k0 q0 c2; row12 CD buried
4PLAYER-DEBUG3,05.png,True,5.9,169,109,8,0,8.3,22/2,10.9,4,13.0,33.1,17.7,2.4,68,9.5,12.8,12.5,35.4,2,18,3.1,3.2,LIM vp25.0 ds36 ss6 zf624k lg151k,SPL 17 37 7 15 k11 =76 tc1 bal0 h2.8 py1,,VRM tx19/26 bk0 q0 cb0/0 lb20:0/0/0.0,GOV d- w0 p0 e-861 b0 L0 i16 ws480,THK n240 mo4 ph1 sm0 mv1 pt1 w1 dc0,TIC th5 s0 x5.0 v10.1 sp86% sc0 ca4a,VD1 fb6/2 MP1 w8 15ms g0 Q8 E13/91,THp n4/7 d3 x0 m0 s0 l0 b0 r30 g0,SPR fl0.0 n3/1 th2/0 td0/0/0 fb0 o0,SEG c151 f14 k0 lk0,row0 a6.2 to0:0000 cd0 ld198/41; row3 REC 50:18.0 95:32.0 mx81.3 d0; row5 w0.3 mw0 0; row13 LOS c+ En1/0 Wg2 F0 N0/0/2 F12 Los/0; row16 GCS w0.7/14 m0.0/0 P151/0.0; row20 BP g0 n0 x0 a0 e0 k0 q0 c0; row12 CD buried
